STATION ID,STATION NAME,CLASS,AGGECOREGION,DRAIN_SQKM,HUC02,LAT_GAGE,LONG_GAGE,STATE,ACTIVE09,FLOWYRS_1900_2009,FLOWYRS_1950_2009,FLOWYRS_1990_2009
1013500,"Fish River near Fort Kent, Maine",Ref,NorthEast,2252.7,1,47.237394,-68.582642,ME,yes,85,60,20
1022500,"Narraguagus River at Cherryfield, Maine",Ref,NorthEast,573.6,1,44.607972,-67.935242,ME,yes,61,60,20
1030500,"Mattawamkeag River near Mattawamkeag, Maine",Ref,NorthEast,3676.2,1,45.500975,-68.305956,ME,yes,75,60,20
1031500,"Piscataquis River near Dover-Foxcroft, Maine",Ref,NorthEast,769.0,1,45.175008,-69.314697,ME,yes,107,60,20
1047000,"Carrabassett River near North Anson, Maine",Ref,NorthEast,909.1,1,44.869200,-69.955103,ME,yes,88,60,20
1052500,"Diamond River near Wentworth Location, NH",Ref,NorthEast,383.8,1,44.877394,-71.057494,NH,yes,68,60,20
1054200,"Wild River at Gilead, Maine",Ref,NorthEast,181.0,1,44.390444,-70.979644,ME,yes,45,45,20
1055000,"Swift River near Roxbury, Maine",Ref,NorthEast,250.6,1,44.642747,-70.588783,ME,yes,80,60,20
1057000,"Little Androscoggin River near South Paris, Maine",Ref,NorthEast,190.9,1,44.303992,-70.539681,ME,yes,88,60,20
1073000,"OYSTER RIVER NEAR DURHAM, NH",Ref,NorthEast,31.3,1,43.148696,-70.965060,NH,yes,74,60,20
1078000,"SMITH RIVER NEAR BRISTOL, NH",Ref,NorthEast,222.5,1,43.566463,-71.747857,NH,yes,91,60,20
1117468,"BEAVER RIVER NEAR USQUEPAUG, RI",Ref,NorthEast,25.3,1,41.492600,-71.628119,RI,yes,34,34,20
1118300,"PENDLETON HILL BROOK NEAR CLARKS FALLS, CT.",Ref,NorthEast,10.4,1,41.474821,-71.834237,CT,yes,51,51,20
1121000,"MOUNT HOPE RIVER NEAR WARRENVILLE, CT.",Ref,NorthEast,70.3,1,41.843709,-72.168966,CT,yes,69,60,20
1123000,"LITTLE RIVER NEAR HANOVER, CT.",Ref,NorthEast,77.9,1,41.671765,-72.052298,CT,yes,58,58,20
1134500,"MOOSE RIVER AT VICTORY, VT",Ref,NorthEast,195.1,1,44.511723,-71.837314,VT,yes,62,60,20
1137500,"AMMONOOSUC RIVER AT BETHLEHEM JUNCTION, NH",Ref,NorthEast,228.6,1,44.268674,-71.630362,NH,yes,70,60,20
1139000,"WELLS RIVER AT WELLS RIVER, VT",Ref,NorthEast,246.3,1,44.150341,-72.065092,VT,yes,69,60,20
1139800,"EAST ORANGE BRANCH AT EAST ORANGE, VT",Ref,NorthEast,22.8,1,44.092842,-72.335653,VT,yes,51,51,20
1142500,"AYERS BROOK AT RANDOLPH, VT",Ref,NorthEast,82.2,1,43.934510,-72.657882,VT,yes,69,59,20
1144000,"WHITE RIVER AT WEST HARTFORD, VT",Ref,NorthEast,1790.2,1,43.714236,-72.418149,VT,yes,93,60,20
1150900,"OTTAUQUECHEE RIVER NEAR WEST BRIDGEWATER, VT",Ref,NorthEast,61.2,1,43.622291,-72.758990,VT,yes,25,25,20
1162500,"PRIEST BROOK NEAR WINCHENDON, MA",Ref,NorthEast,49.7,1,42.682586,-72.115081,MA,yes,90,60,20
1169000,"NORTH RIVER AT SHATTUCKVILLE, MA",Ref,NorthEast,230.6,1,42.638418,-72.725092,MA,yes,69,60,20
1170100,"GREEN RIVER NEAR COLRAIN, MA",Ref,NorthEast,107.0,1,42.703417,-72.670648,MA,yes,42,42,20
1181000,"WEST BRANCH WESTFIELD RIVER AT HUNTINGTON, MA",Ref,NorthEast,243.5,1,42.237312,-72.895654,MA,yes,74,60,20
1187300,"HUBBARD RIVER NR. WEST HARTLAND, CT.",Ref,NorthEast,53.9,1,42.037316,-72.938991,MA,yes,70,59,20
1195100,"INDIAN RIVER NEAR CLINTON, CT.",Ref,NorthEast,14.8,1,41.305933,-72.531201,CT,yes,27,27,20
1208990,"SAUGATUCK RIVER NEAR REDDING, CT.",Ref,NorthEast,53.8,1,41.294540,-73.395120,CT,yes,45,45,20
1333000,"GREEN RIVER AT WILLIAMSTOWN, MA",Ref,NorthEast,112.2,2,42.708969,-73.196773,MA,yes,60,60,20
1350000,SCHOHARIE CREEK AT PRATTSVILLE NY,Ref,NorthEast,612.5,2,42.319528,-74.436537,NY,yes,102,60,20
1350080,MANOR KILL AT WEST CONESVILLE NEAR GILBOA NY,Ref,NorthEast,83.8,2,42.377026,-74.412924,NY,yes,23,23,20
1350140,MINE KILL NEAR NORTH BLENHEIM NY,Ref,NorthEast,43.8,2,42.428968,-74.472925,NY,yes,34,34,20
1362200,ESOPUS CREEK AT ALLABEN NY,Ref,NorthEast,169.2,2,42.117034,-74.380149,NY,yes,46,46,20
1365000,RONDOUT CREEK NEAR LOWES CORNERS NY,Ref,NorthEast,99.6,2,41.866482,-74.487100,NY,yes,72,60,20
1411300,TUCKAHOE RIVER AT HEAD OF RIVER NJ,Ref,SECstPlain,79.3,2,39.306944,-74.820556,NJ,yes,39,39,20
1413500,EAST BR DELAWARE R AT MARGARETVILLE NY,Ref,NorthEast,424.1,2,42.144810,-74.653489,NY,yes,72,60,20
1414500,MILL BROOK NEAR DUNRAVEN NY,Ref,NorthEast,64.5,2,42.106199,-74.730435,NY,yes,72,60,20
1415000,TREMPER KILL NEAR ANDES NY,Ref,NorthEast,85.6,2,42.120087,-74.818493,NY,yes,72,60,20
1423000,WEST BRANCH DELAWARE RIVER AT WALTON NY,Ref,NorthEast,859.7,2,42.166196,-75.139891,NY,yes,59,59,20
1434025,BISCUIT BK ABOVE PIGEON BK AT FROST VALLEY NY,Ref,NorthEast,9.7,2,41.995370,-74.500987,NY,yes,26,26,20
1435000,NEVERSINK RIVER NEAR CLARYVILLE NY,Ref,NorthEast,172.5,2,41.890092,-74.589879,NY,yes,68,58,20
1439500,"Bush Kill at Shoemakers, PA",Ref,NorthEast,305.9,2,41.088151,-75.037675,PA,yes,101,60,20
1440000,FLAT BROOK NEAR FLATBROOKVILLE NJ,Ref,NorthEast,167.7,2,41.106667,-74.952222,NJ,yes,86,60,20
1440400,"Brodhead Creek near Analomink, PA",Ref,NorthEast,175.2,2,41.084815,-75.214625,PA,yes,52,52,20
1451800,"Jordan Creek near Schnecksville, PA",Ref,EastHghlnds,135.8,2,40.661762,-75.626854,PA,yes,43,43,20
1466500,MCDONALDS BRANCH IN LEBANON STATE FOREST NJ,Ref,SECstPlain,5.4,2,39.885000,-74.505278,NJ,yes,56,56,20
1484100,"BEAVERDAM BRANCH AT HOUSTON, DE",Ref,SECstPlain,9.0,2,38.905778,-75.512750,DE,yes,51,51,20
1485500,"NASSAWANGO CREEK NEAR SNOW HILL, MD",Ref,SECstPlain,141.5,2,38.228917,-75.471444,MD,yes,59,59,20
1486000,"MANOKIN BRANCH NEAR PRINCESS ANNE, MD",Ref,SECstPlain,11.2,2,38.213889,-75.671389,MD,yes,55,55,20
1487000,"NANTICOKE RIVER NEAR BRIDGEVILLE, DE",Ref,SECstPlain,187.4,2,38.728333,-75.561861,DE,yes,66,60,20
1491000,"CHOPTANK RIVER NEAR GREENSBORO, MD",Ref,SECstPlain,292.0,2,38.997194,-75.785806,MD,yes,61,60,20
1510000,OTSELIC RIVER AT CINCINNATUS NY,Ref,NorthEast,383.0,2,42.541181,-75.899643,NY,yes,66,55,20
1516500,"Corey Creek near Mainesburg, PA",Ref,NorthEast,31.5,2,41.790907,-77.014688,PA,yes,55,55,20
1518862,"Cowanesque River at Westfield, PA",Ref,NorthEast,233.9,2,41.923126,-77.531930,PA,yes,26,26,20
1532000,"Towanda Creek near Monroeton, PA",Ref,NorthEast,553.9,2,41.707020,-76.484665,PA,yes,95,60,20
1539000,"Fishing Creek near Bloomsburg, PA",Ref,EastHghlnds,701.8,2,41.078141,-76.431056,PA,yes,71,60,20
1542810,"Waldy Run near Emporium, PA",Ref,NorthEast,13.6,2,41.578952,-78.292512,PA,yes,45,45,20
1543000,"Driftwood Br Sinnemahoning Cr at Sterling Run, PA",Ref,NorthEast,705.5,2,41.413396,-78.196952,PA,yes,96,60,20
1543500,"Sinnemahoning Creek at Sinnemahoning, PA",Ref,NorthEast,1778.3,2,41.317285,-78.103060,PA,yes,71,60,20
1544500,"Kettle Creek at Cross Fork, PA",Ref,NorthEast,355.1,2,41.475899,-77.825825,PA,yes,69,60,20
1545600,"Young Womans Creek near Renovo, PA",Ref,NorthEast,120.0,2,41.389512,-77.690819,PA,yes,44,44,20
1547700,"Marsh Creek at Blanchard, PA",Ref,EastHghlnds,113.5,2,41.059509,-77.605826,PA,yes,54,54,20
1548500,"Pine Creek at Cedar Run, PA",Ref,NorthEast,1557.0,2,41.521736,-77.447480,PA,yes,91,60,20
1549500,"Blockhouse Creek near English Center, PA",Ref,NorthEast,97.5,2,41.473683,-77.230809,PA,yes,69,60,20
1550000,"Lycoming Creek near Trout Run, PA",Ref,NorthEast,452.7,2,41.418410,-77.032746,PA,yes,95,60,20
1552000,"Loyalsock Creek at Loyalsockville, PA",Ref,NorthEast,1129.5,2,41.325078,-76.912464,PA,yes,83,59,20
1552500,"Muncy Creek near Sonestown, PA",Ref,NorthEast,60.6,2,41.357024,-76.534671,PA,yes,69,60,20
1557500,"Bald Eagle Creek at Tyrone, PA",Ref,EastHghlnds,115.3,2,40.683673,-78.233624,PA,yes,65,60,20
1564500,"Aughwick Creek near Three Springs, PA",Ref,EastHghlnds,445.6,2,40.212581,-77.925276,PA,yes,71,60,20
1567500,"Bixler Run near Loysville, PA",Ref,EastHghlnds,38.8,2,40.370916,-77.402209,PA,yes,55,55,20
1568000,"Sherman Creek at Shermans Dale, PA",Ref,EastHghlnds,534.4,2,40.323419,-77.168870,PA,yes,80,60,20
1580000,"DEER CREEK AT ROCKS, MD",Ref,SEPlains,244.4,2,39.629972,-76.403306,MD,yes,83,60,20
1583500,"WESTERN RUN AT WESTERN RUN, MD",Ref,SEPlains,155.8,2,39.510778,-76.676500,MD,yes,65,60,20
1586610,"MORGAN RUN NEAR LOUISVILLE, MD",Ref,SEPlains,72.7,2,39.451889,-76.955306,MD,yes,27,27,20
1591400,"CATTAIL CREEK NEAR GLENWOOD, MD",Ref,SEPlains,59.1,2,39.255972,-77.051056,MD,yes,31,31,20
1594950,"MCMILLAN F NEAR FORT PENDLETON, MD",Ref,EastHghlnds,6.1,02,39.276690,-79.390310,MD,yes,23,23,20
1596500,"SAVAGE RIVER NEAR BARTON, MD",Ref,EastHghlnds,124.7,2,39.570056,-79.101944,MD,yes,61,60,20
1605500,"SOUTH BRANCH POTOMAC RIVER AT FRANKLIN, WV",Ref,EastHghlnds,463.8,2,38.635672,-79.337820,WV,yes,62,53,20
1606500,"SO. BRANCH POTOMAC RIVER NR PETERSBURG, WV",Ref,EastHghlnds,1684.5,2,38.991221,-79.175871,WV,yes,81,60,20
1613050,"Tonoloway Creek near Needmore, PA",Ref,EastHghlnds,27.9,2,39.898421,-78.132229,PA,yes,42,42,20
1620500,"NORTH RIVER NEAR STOKESVILLE, VA",Ref,EastHghlnds,44.7,2,38.337626,-79.240036,VA,yes,63,60,20
1632000,"N F SHENANDOAH RIVER AT COOTES STORE, VA",Ref,EastHghlnds,543.4,2,38.637063,-78.852803,VA,yes,84,60,20
1632900,"SMITH CREEK NEAR NEW MARKET, VA",Ref,EastHghlnds,245.0,2,38.693450,-78.642794,VA,yes,49,49,20
1634500,"CEDAR CREEK NEAR WINCHESTER, VA",Ref,EastHghlnds,264.0,2,39.081218,-78.329449,VA,yes,72,60,20
1638480,"CATOCTIN CREEK AT TAYLORSTOWN, VA",Ref,SEPlains,232.0,2,39.254547,-77.576378,VA,yes,38,38,20
1639500,"BIG PIPE CREEK AT BRUCEVILLE, MD",Ref,SEPlains,267.2,2,39.612361,-77.237444,MD,yes,62,60,20
1644000,"GOOSE CREEK NEAR LEESBURG, VA",Ref,SEPlains,859.2,2,39.019553,-77.577492,VA,yes,81,60,20
1658500,"S F QUANTICO CREEK NEAR INDEPENDENT HILL, VA",Ref,SEPlains,19.3,2,38.587343,-77.428596,VA,yes,58,58,20
1664000,"RAPPAHANNOCK RIVER AT REMINGTON, VA",Ref,SEPlains,1605.1,2,38.530680,-77.813605,VA,yes,67,60,20
1666500,"ROBINSON RIVER NEAR LOCUST DALE, VA",Ref,SEPlains,463.1,2,38.325130,-78.095556,VA,yes,66,60,20
1667500,"RAPIDAN RIVER NEAR CULPEPER, VA",Ref,SEPlains,1209.7,2,38.350408,-77.974997,VA,yes,79,60,20
1669000,"PISCATAWAY CREEK NEAR TAPPAHANNOCK, VA",Ref,SEPlains,71.8,2,37.877082,-76.900521,VA,yes,58,58,20
1669520,"DRAGON SWAMP AT MASCOT, VA",Ref,SEPlains,277.4,2,37.633753,-76.696347,VA,yes,28,28,20
2011400,"JACKSON RIVER NEAR BACOVA, VA",Ref,EastHghlnds,407.7,2,38.042347,-79.881444,VA,yes,35,35,20
2011460,"BACK CREEK NEAR SUNRISE, VA",Ref,EastHghlnds,156.3,2,38.245401,-79.768663,VA,yes,35,35,20
2013000,"DUNLAP CREEK NEAR COVINGTON, VA",Ref,EastHghlnds,424.8,2,37.802902,-80.047004,VA,yes,81,60,20
2014000,"POTTS CREEK NEAR COVINGTON, VA",Ref,EastHghlnds,396.8,2,37.729014,-80.042280,VA,yes,72,51,20
2015700,"BULLPASTURE RIVER AT WILLIAMSVILLE, VA",Ref,EastHghlnds,285.4,2,38.195403,-79.570323,VA,yes,49,49,20
2016000,"COWPASTURE RIVER NEAR CLIFTON FORGE, VA",Ref,EastHghlnds,1194.6,2,37.791796,-79.759492,VA,yes,84,60,20
2017500,"JOHNS CREEK AT NEW CASTLE, VA",Ref,EastHghlnds,276.1,2,37.506240,-80.106715,VA,yes,83,60,20
2018000,"CRAIG CREEK AT PARR, VA",Ref,EastHghlnds,852.3,2,37.665962,-79.911439,VA,yes,84,60,20
2027000,"TYE RIVER NEAR LOVINGSTON, VA",Ref,EastHghlnds,240.8,2,37.715419,-78.981691,VA,yes,71,60,20
2027500,"PINEY RIVER AT PINEY RIVER, VA",Ref,EastHghlnds,123.3,2,37.702363,-79.027525,VA,yes,60,60,20
2028500,"ROCKFISH RIVER NEAR GREENFIELD, VA",Ref,EastHghlnds,245.5,2,37.869585,-78.823354,VA,yes,66,60,20
2038850,"HOLIDAY CREEK NEAR ANDERSONVILLE, VA",Ref,SEPlains,22.0,2,37.415424,-78.635839,VA,yes,43,43,20
2046000,"STONY CREEK NEAR DINWIDDIE, VA",Ref,SEPlains,288.5,3,37.067094,-77.602489,VA,yes,63,60,20
2051000,"NORTH MEHERRIN RIVER NEAR LUNENBURG, VA",Ref,SEPlains,144.8,3,36.997374,-78.349718,VA,yes,62,59,20
2051500,"MEHERRIN RIVER NEAR LAWRENCEVILLE, VA",Ref,SEPlains,1428.7,3,36.716814,-77.831658,VA,yes,80,60,20
2053200,"POTECASI CREEK NEAR UNION, NC",Ref,SECstPlain,583.7,3,36.370833,-77.025556,NC,yes,51,51,20
2053800,"S F ROANOKE RIVER NEAR SHAWSVILLE, VA",Ref,EastHghlnds,280.7,3,37.140132,-80.266433,VA,yes,49,49,20
2055100,"TINKER CREEK NEAR DALEVILLE, VA",Ref,EastHghlnds,30.5,3,37.417633,-79.935319,VA,yes,53,53,20
2056900,"BLACKWATER RIVER NEAR ROCKY MOUNT, VA",Ref,SEPlains,298.1,3,37.045141,-79.844199,VA,yes,33,33,20
2059500,"GOOSE CREEK NEAR HUDDLESTON, VA",Ref,SEPlains,485.4,3,37.173200,-79.520308,VA,yes,79,60,20
2064000,"FALLING RIVER NEAR NARUNA, VA",Ref,SEPlains,427.8,3,37.126810,-78.959737,VA,yes,73,60,20
2065500,"CUB CREEK AT PHENIX, VA",Ref,SEPlains,252.6,3,37.079311,-78.763618,VA,yes,63,60,20
2069700,"SOUTH MAYO RIVER NEAR NETTLERIDGE, VA",Ref,SEPlains,221.1,3,36.570971,-80.129493,VA,yes,47,47,20
2070000,"NORTH MAYO RIVER NEAR SPENCER, VA",Ref,SEPlains,270.6,3,36.568194,-79.987265,VA,yes,80,60,20
2074500,"SANDY RIVER NEAR DANVILLE, VA",Ref,SEPlains,288.5,3,36.619583,-79.504193,VA,yes,80,60,20
2077200,"HYCO CREEK NEAR LEASBURG, NC",Ref,SEPlains,121.7,3,36.397778,-79.196667,NC,yes,45,45,20
2081500,"TAR RIVER NEAR TAR RIVER, NC",Ref,SEPlains,428.4,3,36.194167,-78.583056,NC,yes,70,60,20
2082950,"LITTLE FISHING CREEK NEAR WHITE OAK, NC",Ref,SEPlains,460.9,3,36.183333,-77.876111,NC,yes,50,50,20
2084557,"VAN SWAMP NEAR HOKE, NC",Ref,SECstPlain,56.1,3,35.730833,-76.746111,NC,yes,32,32,20
2092500,"TRENT RIVER NEAR TRENTON, NC",Ref,SECstPlain,447.6,3,35.064167,-77.461389,NC,yes,58,58,20
2102908,"FLAT CREEK NEAR INVERNESS, NC",Ref,SEPlains,19.7,3,35.182778,-79.177500,NC,yes,41,41,20
2108000,"NORTHEAST CAPE FEAR RIVER NEAR CHINQUAPIN, NC",Ref,SEPlains,1569.5,3,34.828889,-77.832222,NC,yes,69,60,20
2110500,"WACCAMAW RIVER NEAR LONGS, SC",Ref,SECstPlain,2908.3,3,33.912672,-78.715017,SC,yes,59,59,20
2111180,"ELK CREEK AT ELKVILLE, NC",Ref,EastHghlnds,131.5,3,36.071389,-81.403056,NC,yes,44,44,20
2111500,"REDDIES RIVER AT NORTH WILKESBORO, NC",Ref,EastHghlnds,233.7,3,36.175000,-81.168889,NC,yes,70,60,20
2112120,"ROARING RIVER NEAR ROARING RIVER, NC",Ref,EastHghlnds,322.3,3,36.250278,-81.044444,NC,yes,45,45,20
2112360,"MITCHELL RIVER NEAR STATE ROAD, NC",Ref,SEPlains,205.3,3,36.311389,-80.807222,NC,yes,45,45,20
2118500,"HUNTING CREEK NEAR HARMONY, NC",Ref,SEPlains,400.5,3,36.000556,-80.745556,NC,yes,58,58,20
2125000,"BIG BEAR CR NR RICHFIELD, NC",Ref,SEPlains,144.5,3,35.334722,-80.335556,NC,yes,55,55,20
2128000,"LITTLE RIVER NEAR STAR, NC",Ref,SEPlains,273.5,3,35.387222,-79.831389,NC,yes,55,55,20
2137727,"CATAWBA R NR PLEASANT GARDENS, NC",Ref,EastHghlnds,329.5,3,35.685833,-82.060278,NC,yes,29,29,20
2140991,"JOHNS RIVER AT ARNEYS STORE, NC",Ref,EastHghlnds,522.0,3,35.833611,-81.711944,NC,yes,24,24,20
2143000,"HENRY FORK NEAR HENRY RIVER, NC",Ref,EastHghlnds,216.7,3,35.684444,-81.403333,NC,yes,73,60,20
2143040,"JACOB FORK AT RAMSEY, NC",Ref,EastHghlnds,66.5,3,35.590686,-81.567037,NC,yes,48,48,20
2149000,"COVE CREEK NEAR LAKE LURE, NC",Ref,EastHghlnds,203.9,3,35.423454,-82.111498,NC,yes,58,58,20
2152100,"FIRST BROAD RIVER NEAR CASAR, NC",Ref,EastHghlnds,155.0,3,35.493056,-81.682222,NC,yes,50,50,20
2177000,"CHATTOOGA RIVER NEAR CLAYTON, GA",Ref,EastHghlnds,526.8,3,34.813981,-83.305993,GA,yes,70,60,20
2178400,"TALLULAH RIVER NEAR CLAYTON, GA",Ref,EastHghlnds,151.3,3,34.890371,-83.530441,GA,yes,45,45,20
2193340,"KETTLE CREEK NEAR WASHINGTON, GA",Ref,SEPlains,87.9,3,33.682628,-82.857923,GA,yes,23,23,20
2196000,"STEVENS CREEK NEAR MODOC, SC",Ref,SEPlains,1408.4,3,33.729297,-82.181787,SC,yes,64,54,20
2198100,"BEAVERDAM CREEK NEAR SARDIS, GA",Ref,SEPlains,79.5,3,32.937658,-81.815392,GA,yes,23,23,20
2202600,"BLACK CREEK NEAR BLITCHTON, GA",Ref,SECstPlain,590.5,3,32.167980,-81.488167,GA,yes,29,29,20
2212600,"FALLING CREEK NEAR JULIETTE, GA",Ref,SEPlains,188.0,3,33.099854,-83.723510,GA,yes,45,45,20
2215100,"TUCSAWHATCHEE CREEK NEAR HAWKINSVILLE, GA",Ref,SEPlains,420.3,3,32.239444,-83.501667,GA,yes,23,23,20
2216180,"TURNPIKE CREEK NEAR MCRAE, GA",Ref,SEPlains,129.1,3,31.991389,-82.921944,GA,yes,26,26,20
2221525,"MURDER CREEK BELOW EATONTON, GA",Ref,SEPlains,490.8,3,33.252355,-83.481276,GA,yes,32,32,20
2231000,"ST. MARYS RIVER NR MACCLENNY, FLA.",Ref,SECstPlain,1748.4,3,30.358847,-82.081501,FL,yes,83,60,20
2231342,"FT DRUM CREEK AT SUNSHINE ST PKY NEAR FT DRUM, FL",Ref,SECstPlain,111.6,03,27.568647,-80.796171,FL,yes,32,32,20
2235200,"BLACKWATER CREEK NEAR CASSIA, FL",Ref,SECstPlain,297.7,3,28.874531,-81.489383,FL,yes,26,26,20
2236500,"BIG CREEK NEAR CLERMONT, FL",Ref,SECstPlain,146.9,03,28.447782,-81.740076,FL,yes,51,51,20
2245500,"SOUTH FORK BLACK CREEK NR PENNEY FARMS, FLA.",Ref,SECstPlain,348.4,3,29.979408,-81.852043,FL,yes,70,60,20
2246000,"NORTH FORK BLACK CREEK NR MIDDLEBURG, FLA.",Ref,SECstPlain,451.1,3,30.113295,-81.906492,FL,yes,78,60,20
2296500,CHARLIE CREEK NEAR GARDNER FL,Ref,SECstPlain,886.4,3,27.375043,-81.796471,FL,yes,59,59,20
2297155,HORSE CREEK NEAR MYAKKA HEAD FL,Ref,SECstPlain,93.6,3,27.487261,-82.023420,FL,yes,32,32,20
2297310,HORSE CREEK NEAR ARCADIA FL,Ref,SECstPlain,528.4,3,27.199495,-81.988419,FL,yes,59,59,20
2298123,PRAIRIE CREEK NEAR FORT OGDEN FL,Ref,SECstPlain,540.7,3,27.052000,-81.784527,FL,yes,37,37,20
2298608,MYAKKA RIVER AT MYAKKA CITY FL,Ref,SECstPlain,312.3,3,27.343656,-82.156756,FL,yes,35,35,20
2299950,MANATEE RIVER NEAR MYAKKA HEAD FL,Ref,SECstPlain,174.3,3,27.473651,-82.211201,FL,yes,43,43,20
2300700,BULLFROG CREEK NEAR WIMAUMA FL,Ref,SECstPlain,73.8,3,27.791972,-82.352037,FL,yes,34,34,20
2310947,"WITHLACOOCHEE RIVER NEAR CUMPRESSCO, FLA.",Ref,SECstPlain,649.6,3,28.311952,-82.055915,FL,yes,42,42,20
2312200,"LITTLE WITHLACOOCHEE RIVER AT RERDELL, FLA.",Ref,SECstPlain,413.5,3,28.572773,-82.155363,FL,yes,51,51,20
2314500,"SUWANNEE RIVER AT US 441, AT FARGO, GA",Ref,SECstPlain,3322.2,3,30.680556,-82.560556,GA,yes,76,60,20
2315500,"SUWANNEE RIVER AT WHITE SPRINGS, FLA.",Ref,SECstPlain,6136.3,3,30.325781,-82.738183,FL,yes,84,60,20
2324000,"STEINHATCHEE RIVER NEAR CROSS CITY, FLA.",Ref,SECstPlain,791.0,3,29.786613,-83.321526,FL,yes,59,59,20
2324400,"FENHOLLOWAY RIVER NEAR FOLEY, FLA.",Ref,SECstPlain,176.3,3,30.098271,-83.471811,FL,yes,54,54,20
2327100,"SOPCHOPPY RIVER NR SOPCHOPPY, FLA.",Ref,SECstPlain,271.1,3,30.129369,-84.494348,FL,yes,45,45,20
2342933,SOUTH FORK COWIKEE CREEK NEAR BATESVILLE AL,Ref,SEPlains,290.1,3,32.017657,-85.295770,AL,yes,43,43,20
2349900,"TURKEY CREEK AT BYROMVILLE, GA",Ref,SEPlains,122.9,3,32.195556,-83.902222,GA,yes,51,51,20
2350900,"KINCHAFOONEE CREEK NEAR DAWSON, GA",Ref,SEPlains,1365.1,3,31.764444,-84.253333,GA,yes,24,24,20
2361000,"CHOCTAWHATCHEE RIVER NEAR NEWTON, AL.",Ref,SEPlains,1781.6,3,31.342949,-85.610491,AL,yes,79,60,20
2363000,PEA RIVER NEAR ARITON AL,Ref,SEPlains,1292.5,3,31.594887,-85.782998,AL,yes,54,43,20
2369800,BLACKWATER RIVER NEAR BRADLEY AL,Ref,SEPlains,227.5,3,31.027680,-86.709957,AL,yes,42,42,20
2371500,CONECUH RIVER AT BRANTLEY AL,Ref,SEPlains,1292.8,3,31.573495,-86.251623,AL,yes,72,60,20
2372250,PATSALIGA CREEK NEAR BRANTLEY AL,Ref,SEPlains,1145.2,3,31.596272,-86.405518,AL,yes,35,35,20
2374500,MURDER CREEK NEAR EVERGREEN AL,Ref,SEPlains,445.7,3,31.418500,-86.986640,AL,yes,72,60,20
2381600,"FAUSETT CREEK NEAR TALKING ROCK, GA",Ref,EastHghlnds,10.3,3,34.570366,-84.468816,GA,yes,35,35,20
2384540,"MILL CREEK NEAR CRANDALL, GA",Ref,EastHghlnds,21.4,3,34.872024,-84.721326,GA,yes,24,24,20
2395120,"TWO RUN CREEK NEAR KINGSTON, GA",Ref,EastHghlnds,84.0,3,34.242778,-84.889722,GA,yes,29,29,20
2408540,HATCHET CREEK BELOW ROCKFORD AL,Ref,SEPlains,682.4,3,32.916790,-86.270251,AL,yes,29,29,20
2415000,HILLABEE CREEK NEAR HACKNEYVILLE AL,Ref,SEPlains,491.4,3,33.066787,-85.879130,AL,yes,42,42,20
2422500,MULBERRY CREEK AT JONES AL,Ref,SEPlains,527.5,3,32.582910,-86.903599,AL,yes,67,56,20
2430085,"RED BUD CREEK NR MOORES MILL, MS",Ref,SEPlains,40.6,3,34.466667,-88.283611,MS,yes,34,34,20
2430615,"MUD CREEK NR FAIRVIEW, MS",Ref,SEPlains,28.7,3,34.392500,-88.355000,MS,yes,34,34,20
2450250,SIPSEY FORK NEAR GRAYSON AL,Ref,EastHghlnds,231.8,3,34.285378,-87.398908,AL,yes,43,43,20
2464000,NORTH RIVER NEAR SAMANTHA AL,Ref,EastHghlnds,578.9,3,33.479281,-87.597230,AL,yes,56,46,20
2464146,TURKEY CREEK NEAR TUSCALOOSA,Ref,EastHghlnds,15.8,3,33.413448,-87.510560,AL,yes,26,26,20
2464360,BINION CREEK BELOW GIN CREEK NEAR SAMANTHA AL,Ref,SEPlains,148.6,3,33.424837,-87.642509,AL,yes,23,23,20
2465493,ELLIOTTS CREEK AT MOUNDVILLE AL,Ref,SEPlains,83.4,3,32.997346,-87.622230,AL,yes,33,33,20
2469800,SATILPA CREEK NEAR COFFEEVILLE AL,Ref,SEPlains,422.7,3,31.744325,-88.022507,AL,yes,49,49,20
2472000,"LEAF RIVER NR COLLINS, MS",Ref,SEPlains,1927.1,3,31.706944,-89.406944,MS,yes,71,60,20
2472500,"BOUIE CREEK NR HATTIESBURG, MS",Ref,SEPlains,789.9,3,31.425833,-89.414722,MS,yes,71,60,20
2479155,"CYPRESS CREEK NR JANICE, MS",Ref,SEPlains,137.3,3,31.025278,-89.016667,MS,yes,43,43,20
2479300,"RED CREEK AT VESTRY, MS",Ref,SEPlains,1144.2,3,30.736111,-88.781111,MS,yes,48,48,20
2479560,ESCATAWPA RIVER NEAR AGRICOLA MS,Ref,SEPlains,1454.3,3,30.809077,-88.458627,MS,yes,36,36,20
2481000,"BILOXI RIVER AT WORTHAM, MS",Ref,SEPlains,249.2,3,30.558611,-89.121944,MS,yes,57,57,20
2481510,"WOLF RIVER NR LANDON, MS",Ref,SEPlains,800.7,3,30.483611,-89.274444,MS,yes,38,38,20
3010655,"Oswayo Creek at Shinglehouse, PA",Ref,NorthEast,254.4,5,41.961732,-78.198066,PA,yes,35,35,20
3011800,"Kinzua Creek near Guffey, PA",Ref,NorthEast,100.1,5,41.766451,-78.718640,PA,yes,44,44,20
3015500,"Brokenstraw Creek at Youngsville, PA",Ref,NorthEast,784.9,5,41.852559,-79.317271,PA,yes,100,60,20
3021350,"French Creek near Wattsburg, PA",Ref,NorthEast,239.7,5,42.015332,-79.782551,PA,yes,35,35,20
3026500,"Sevenmile Run near Rasselas, PA",Ref,NorthEast,20.3,5,41.631173,-78.576690,PA,yes,57,57,20
3028000,"West Branch Clarion River at Wilcox, PA",Ref,NorthEast,161.1,5,41.575340,-78.692249,PA,yes,56,56,20
3049000,"Buffalo Creek near Freeport, PA",Ref,EastHghlnds,357.2,5,40.715898,-79.699494,PA,yes,69,60,20
3049800,"Little Pine Creek near Etna, PA",Ref,EastHghlnds,14.9,5,40.520346,-79.938108,PA,yes,47,47,20
3050000,"TYGART VALLEY RIVER NEAR DAILEY, WV",Ref,EastHghlnds,487.3,5,38.809275,-79.881734,WV,yes,81,47,20
3066000,"BLACKWATER R AT DAVIS, WV",Ref,EastHghlnds,222.8,5,39.127052,-79.468385,WV,yes,88,60,20
3069500,"CHEAT RIVER NEAR PARSONS, WV",Ref,EastHghlnds,1856.9,5,39.122884,-79.681174,WV,yes,96,60,20
3070500,"BIG SANDY CREEK AT ROCKVILLE, WV",Ref,EastHghlnds,517.4,5,39.615638,-79.704774,WV,yes,96,60,20
3076600,"BEAR CREEK AT FRIENDSVILLE, MD",Ref,EastHghlnds,127.4,5,39.656139,-79.394111,MD,yes,45,45,20
3078000,"CASSELMAN RIVER AT GRANTSVILLE, MD",Ref,EastHghlnds,161.5,5,39.702194,-79.136389,MD,yes,62,60,20
3140000,Mill Creek near Coshocton OH,Ref,EastHghlnds,70.3,5,40.362846,-81.862356,OH,yes,72,60,20
3144000,Wakatomika Creek near Frazeysburg OH,Ref,EastHghlnds,363.4,5,40.132568,-82.147920,OH,yes,73,60,20
3159540,Shade River near Chester OH,Ref,EastHghlnds,400.9,5,39.063689,-81.881802,OH,yes,43,43,20
3161000,"SOUTH FORK NEW RIVER NEAR JEFFERSON, NC",Ref,EastHghlnds,527.9,5,36.393333,-81.406944,NC,yes,82,59,20
3164000,"NEW RIVER NEAR GALAX, VA",Ref,EastHghlnds,2952.7,5,36.647350,-80.978969,VA,yes,80,60,20
3165000,"CHESTNUT CREEK AT GALAX, VA",Ref,EastHghlnds,102.0,5,36.645961,-80.919244,VA,yes,65,60,20
3170000,"LITTLE RIVER AT GRAYSONTOWN, VA",Ref,EastHghlnds,794.6,5,37.037626,-80.556724,VA,yes,81,60,20
3173000,"WALKER CREEK AT BANE, VA",Ref,EastHghlnds,773.3,5,37.268178,-80.709512,VA,yes,71,60,20
3180500,"GREENBRIER RIVER AT DURBIN, WV",Ref,EastHghlnds,345.1,5,38.543727,-79.833115,WV,yes,66,60,20
3182500,"GREENBRIER RIVER AT BUCKEYE, WV",Ref,EastHghlnds,1365.0,5,38.185953,-80.130623,WV,yes,80,60,20
3186500,"WILLIAMS RIVER AT DYER, WV",Ref,EastHghlnds,329.7,5,38.378999,-80.483974,WV,yes,80,60,20
3187500,"CRANBERRY RIVER NEAR RICHWOOD, WV",Ref,EastHghlnds,207.4,5,38.295390,-80.526475,WV,yes,50,45,20
3213700,"TUG FORK AT WILLIAMSON, WV",Ref,EastHghlnds,2425.1,5,37.673157,-82.280141,KY,yes,42,42,20
3237280,Upper Twin Creek at McGaw OH,Ref,EastHghlnds,33.0,5,38.643687,-83.215736,OH,yes,46,46,20
3237500,Ohio Brush Creek near West Union OH,Ref,CntlPlains,1003.2,5,38.803684,-83.421023,OH,yes,78,60,20
3238500,White Oak Creek near Georgetown OH,Ref,CntlPlains,568.5,5,38.858125,-83.928539,OH,yes,81,60,20
3241500,Massies Creek at Wilberforce OH,Ref,CntlPlains,170.9,5,39.722838,-83.882707,OH,yes,57,57,20
3280700,"CUTSHIN CREEK AT WOOTON, KY",Ref,EastHghlnds,158.2,5,37.165093,-83.307956,KY,yes,52,52,20
3281100,"GOOSE CREEK AT MANCHESTER, KY",Ref,EastHghlnds,422.7,5,37.152034,-83.760197,KY,yes,45,45,20
3281500,"SOUTH FORK KENTUCKY RIVER AT BOONEVILLE, KY",Ref,EastHghlnds,1838.2,5,37.479810,-83.675192,KY,yes,76,60,20
3285000,"DIX RIVER NEAR DANVILLE, KY",Ref,SEPlains,822.3,5,37.642023,-84.660777,KY,yes,67,60,20
3291780,"INDIAN-KENTUCK CREEK NR CANAAN, IND.",Ref,CntlPlains,71.4,5,38.878114,-85.257179,IN,yes,40,40,20
3300400,"BEECH FORK AT MAUD, KY",Ref,SEPlains,1128.6,5,37.832840,-85.296069,KY,yes,37,37,20
3340800,BIG RACCOON CREEK NEAR FINCASTLE IND,Ref,CntlPlains,357.7,5,39.812545,-86.953899,IN,yes,52,52,20
3346000,"NORTH FORK EMBARRAS RIVER NEAR OBLONG, IL",Ref,SEPlains,814.7,5,39.010042,-87.945588,IL,yes,69,60,20
3357350,"PLUM CREEK NEAR BAINBRIDGE, IND.",Ref,CntlPlains,7.8,5,39.761713,-86.729450,IN,yes,40,40,20
3364500,"CLIFTY CREEK AT HARTSVILLE, IN",Ref,CntlPlains,237.1,5,39.274773,-85.701647,IN,yes,61,60,20
3366500,"MUSCATATUCK RIVER NEAR DEPUTY, IN",Ref,CntlPlains,755.2,5,38.804223,-85.673855,IN,yes,61,60,20
3368000,"BRUSH CREEK NEAR NEBRASKA, IN",Ref,CntlPlains,29.7,5,39.070331,-85.486077,IN,yes,54,54,20
3384450,"LUSK CREEK NEAR EDDYVILLE, IL",Ref,SEPlains,111.1,5,37.472273,-88.547269,IL,yes,42,42,20
3439000,"FRENCH BROAD RIVER AT ROSMAN, NC",Ref,EastHghlnds,178.7,6,35.143333,-82.824722,NC,yes,75,60,20
3450000,"BEETREE CREEK NEAR SWANNANOA, NC",Ref,EastHghlnds,14.1,6,35.653056,-82.405278,NC,yes,75,52,20
3455500,"W F PIGEON R ABOVE LAKE LOGAN NR HAZELWOOD, NC",Ref,EastHghlnds,73.0,6,35.396111,-82.937500,NC,yes,55,55,20
3456500,"EAST FORK PIGEON RIVER NEAR CANTON, NC",Ref,EastHghlnds,133.4,6,35.461667,-82.869722,NC,yes,55,55,20
3460000,"CATALOOCHEE CREEK NEAR CATALOOCHEE, NC",Ref,EastHghlnds,127.0,6,35.667500,-83.073611,NC,yes,65,50,20
3463300,"SOUTH TOE RIVER NEAR CELO, NC",Ref,EastHghlnds,112.2,6,35.831507,-82.184287,NC,yes,52,52,20
3471500,"S F HOLSTON RIVER AT RIVERSIDE NR CHILHOWIE, VA",Ref,EastHghlnds,198.2,6,36.760393,-81.631229,VA,yes,78,60,20
3473000,"S F HOLSTON RIVER NEAR DAMASCUS, VA",Ref,EastHghlnds,784.8,6,36.651781,-81.844010,VA,yes,78,60,20
3479000,"WATAUGA RIVER NEAR SUGAR GROVE, NC",Ref,EastHghlnds,235.6,6,36.239167,-81.822222,NC,yes,69,60,20
3488000,"N F HOLSTON RIVER NEAR SALTVILLE, VA",Ref,EastHghlnds,578.2,6,36.896781,-81.746229,VA,yes,90,60,20
3498500,"LITTLE RIVER NEAR MARYVILLE, TN",Ref,EastHghlnds,696.8,6,35.785621,-83.884604,TN,yes,58,58,20
3500000,"LITTLE TENNESSEE RIVER NEAR PRENTISS, NC",Ref,EastHghlnds,361.1,6,35.150000,-83.379722,NC,yes,65,60,20
3500240,"CARTOOGECHAYE CREEK NEAR FRANKLIN, NC",Ref,EastHghlnds,145.9,6,35.158889,-83.394167,NC,yes,48,48,20
3504000,"NANTAHALA RIVER NEAR RAINBOW SPRINGS, NC",Ref,EastHghlnds,134.5,6,35.127500,-83.618611,NC,yes,69,60,20
3574500,PAINT ROCK RIVER NEAR WOODVILLE AL,Ref,EastHghlnds,813.8,6,34.624255,-86.306374,AL,yes,73,60,20
3592718,"LITTLE YELLOW CREEK EAST NR BURNSVILLE, MS",Ref,SEPlains,67.0,6,34.835556,-88.288056,MS,yes,36,36,20
3604000,"BUFFALO RIVER NEAR FLAT WOODS, TN",Ref,SEPlains,1163.0,6,35.495906,-87.832804,TN,yes,89,60,20
4015330,"KNIFE RIVER NEAR TWO HARBORS, MN",Ref,MxWdShld,224.4,4,46.946880,-91.792401,MN,yes,35,35,20
4024430,"NEMADJI RIVER NEAR SOUTH SUPERIOR, WI",Ref,MxWdShld,1091.3,4,46.633274,-92.094080,WI,yes,35,35,20
4027000,"BAD RIVER NEAR ODANAH, WI",Ref,MxWdShld,1619.8,4,46.486614,-90.696297,WI,yes,69,60,20
4040500,"STURGEON RIVER NEAR SIDNAW, MI",Ref,MxWdShld,419.8,4,46.584106,-88.575970,MI,yes,66,60,20
4043050,"TRAP ROCK RIVER NEAR LAKE LINDEN, MI",Ref,MxWdShld,76.6,4,47.228536,-88.385393,MI,yes,43,43,20
4045500,"TAHQUAMENON RIVER NEAR PARADISE, MI",Ref,MxWdShld,1909.6,4,46.575015,-85.269555,MI,yes,56,56,20
4056500,"MANISTIQUE RIVER NEAR MANISTIQUE, MI",Ref,MxWdShld,2945.9,4,46.030529,-86.161249,MI,yes,71,60,20
4057510,"STURGEON RIVER NEAR NAHMA JUNCTION, MI",Ref,MxWdShld,473.6,4,45.943024,-86.705700,MI,yes,43,43,20
4057800,"MIDDLE BRANCH ESCANABA RIVER AT HUMBOLDT, MI",Ref,MxWdShld,115.9,4,46.499103,-87.886524,MI,yes,50,50,20
4059500,"FORD RIVER NEAR HYDE, MI",Ref,MxWdShld,1184.4,4,45.755523,-87.201524,MI,yes,55,55,20
4063700,"POPPLE RIVER NEAR FENCE, WI",Ref,MxWdShld,362.6,4,45.763570,-88.463179,WI,yes,46,46,20
4074950,"WOLF RIVER AT LANGLADE, WI",Ref,MxWdShld,1205.5,4,45.189970,-88.733440,WI,yes,42,42,20
4105700,"AUGUSTA CREEK NEAR AUGUSTA, MI",Ref,CntlPlains,98.0,4,42.353373,-85.353889,MI,yes,45,45,20
4115265,"FISH CREEK NEAR CRYSTAL, MI",Ref,CntlPlains,95.8,4,43.249755,-84.981125,MI,yes,22,22,20
4122200,"WHITE RIVER NEAR WHITEHALL, MI",Ref,CntlPlains,1048.3,4,43.464179,-86.232567,MI,yes,52,52,20
4122500,"PERE MARQUETTE RIVER AT SCOTTVILLE, MI",Ref,CntlPlains,1769.2,4,43.945006,-86.278690,MI,yes,70,60,20
4124000,"MANISTEE RIVER NEAR SHERMAN, MI",Ref,MxWdShld,2243.6,4,44.436392,-85.698679,MI,yes,87,60,20
4127918,"PINE RIVER NEAR RUDYARD, MI",Ref,MxWdShld,548.3,4,46.185851,-84.597826,MI,yes,37,37,20
4127997,"STURGEON RIVER AT WOLVERINE, MI",Ref,MxWdShld,487.2,4,45.274457,-84.600031,MI,yes,67,60,20
4161580,"STONY CREEK NEAR ROMEO, MI",Ref,CntlPlains,64.3,4,42.800864,-83.090212,MI,yes,45,45,20
4185000,Tiffin River at Stryker OH,Ref,CntlPlains,1064.0,4,41.504496,-84.429672,OH,yes,76,60,20
4196800,Tymochtee Creek at Crawford OH,Ref,CntlPlains,608.1,4,40.922833,-83.348812,OH,yes,45,45,20
4197100,Honey Creek at Melmore OH,Ref,CntlPlains,388.2,4,41.022278,-83.109638,OH,yes,33,33,20
4197170,Rock Creek at Tiffin OH,Ref,CntlPlains,95.2,4,41.113666,-83.168252,OH,yes,26,26,20
4213000,Conneaut Creek at Conneaut OH,Ref,NorthEast,455.3,4,41.926999,-80.603966,OH,yes,72,59,20
4213075,"Brandy Run near Girard, PA",Ref,NorthEast,11.7,4,41.992000,-80.291174,PA,yes,23,23,20
4216418,TONAWANDA CREEK AT ATTICA NY,Ref,NorthEast,196.5,4,42.863949,-78.283628,NY,yes,32,32,20
4221000,GENESEE RIVER AT WELLSVILLE NY,Ref,NorthEast,750.9,4,42.122290,-77.957225,NY,yes,40,40,20
4224775,CANASERAGA CREEK ABOVE DANSVILLE NY,Ref,NorthEast,231.8,4,42.535623,-77.704161,NY,yes,35,35,20
4233000,CAYUGA INLET NEAR ITHACA NY,Ref,NorthEast,91.9,4,42.393129,-76.544943,NY,yes,72,60,20
4256000,INDEPENDENCE RIVER AT DONNATTSBURG NY,Ref,NorthEast,232.4,4,43.747291,-75.334347,NY,yes,67,60,20
4296000,"BLACK RIVER AT COVENTRY, VT",Ref,NorthEast,302.2,1,44.868936,-72.270104,VT,yes,58,58,20
5056000,"SHEYENNE RIVER NR WARWICK, ND",Ref,CntlPlains,4862.0,9,47.805553,-98.716217,ND,yes,60,60,20
5057000,"SHEYENNE RIVER NR COOPERSTOWN, ND",Ref,CntlPlains,7582.5,9,47.432771,-98.027595,ND,yes,65,60,20
5057200,"BALDHILL CREEK NR DAZEY, ND",Ref,CntlPlains,1897.3,9,47.229156,-98.124819,ND,yes,53,53,20
5062500,"WILD RICE RIVER AT TWIN VALLEY, MN",Ref,CntlPlains,2407.0,9,47.266629,-96.244780,MN,yes,81,54,20
5087500,"MIDDLE RIVER AT ARGYLE, MN",Ref,CntlPlains,600.8,9,48.341089,-96.818117,MN,yes,58,58,20
5120500,"WINTERING RIVER NR KARLSRUHE, ND",Ref,CntlPlains,1509.8,9,48.138337,-100.539862,ND,yes,72,60,20
5123400,"WILLOW CREEK NR WILLOW CITY, ND",Ref,CntlPlains,3206.1,9,48.588888,-100.442079,ND,yes,53,53,20
5129115,"VERMILION RIVER NR CRANE LAKE, MN",Ref,MxWdShld,2357.6,9,48.264628,-92.565994,MN,yes,30,30,20
5131500,"LITTLE FORK RIVER AT LITTLEFORK, MN",Ref,MxWdShld,4383.5,9,48.395776,-93.549327,MN,yes,86,60,20
5291000,"WHETSTONE RIVER NEAR BIG STONE CITY, SD",Ref,CntlPlains,1046.8,7,45.291632,-96.487557,SD,yes,78,60,20
5362000,"JUMP RIVER AT SHELDON, WI",Ref,MxWdShld,1477.3,7,45.308026,-90.956525,WI,yes,94,60,20
5393500,"SPIRIT RIVER AT SPIRIT FALLS, WI",Ref,MxWdShld,220.4,7,45.449132,-89.979311,WI,yes,67,60,20
5399500,"BIG EAU PLEINE RIVER AT STRATFORD, WI",Ref,CntlPlains,576.3,7,44.821910,-90.079575,WI,yes,83,60,20
5408000,"KICKAPOO RIVER AT LA FARGE, WI",Ref,CntlPlains,689.3,7,43.574140,-90.643186,WI,yes,71,60,20
5412500,"Turkey River at Garber, IA",Ref,CntlPlains,3858.2,7,42.739988,-91.261799,IA,yes,89,60,20
5413500,"GRANT RIVER AT BURTON, WI",Ref,CntlPlains,695.3,7,42.720271,-90.819294,WI,yes,75,60,20
5414000,"PLATTE RIVER NEAR ROCKVILLE, WI",Ref,CntlPlains,370.8,7,42.731104,-90.640405,WI,yes,75,60,20
5444000,"ELKHORN CREEK NEAR PENROSE, IL",Ref,CntlPlains,376.4,7,41.902807,-89.696223,IL,yes,70,60,20
5454000,"Rapid Creek near Iowa City, IA",Ref,CntlPlains,65.4,7,41.700017,-91.487668,IA,yes,72,60,20
5458000,"Little Cedar River near Ionia, IA",Ref,CntlPlains,776.8,7,43.033280,-92.503544,IA,yes,55,55,20
5466500,"EDWARDS RIVER NEAR NEW BOSTON, IL",Ref,CntlPlains,1151.6,7,41.186977,-90.967366,IL,yes,75,60,20
5487980,"White Breast Creek near Dallas, IA",Ref,CntlPlains,882.7,7,41.246885,-93.266070,IA,yes,47,47,20
5488200,"English Creek near Knoxville, IA",Ref,CntlPlains,234.2,7,41.300553,-93.045481,IA,yes,24,24,20
5489000,"Cedar Creek near Bussey, IA",Ref,CntlPlains,964.8,7,41.219002,-92.908533,IA,yes,62,60,20
5495000,"Fox River at Wayland, MO",Ref,CntlPlains,1027.6,7,40.392408,-91.597875,MO,yes,87,60,20
5495500,"BEAR CREEK NEAR MARCELLINE, IL",Ref,CntlPlains,905.6,7,40.142824,-91.337370,IL,yes,65,60,20
5501000,"North River at Palmyra, MO",Ref,SEPlains,922.8,7,39.817992,-91.517700,MO,yes,74,60,20
5503800,"Crooked Creek near Paris, MO",Ref,CntlPlains,212.6,7,39.584828,-91.993489,MO,yes,30,30,20
5507600,"Lick Creek at Perry, MO",Ref,CntlPlains,275.4,7,39.431430,-91.676271,MO,yes,30,30,20
5508805,"Spencer Cr. bl Plum Cr. nr Frankford, MO",Ref,CntlPlains,536.4,7,39.520464,-91.342750,MO,yes,31,31,20
5514500,"CUIVRE RIVER NEAR TROY, MO",Ref,CntlPlains,2407.4,7,39.008803,-90.977536,MO,yes,79,52,20
5525500,"SUGAR CREEK AT MILFORD, IL",Ref,CntlPlains,1158.8,7,40.630036,-87.723918,IL,yes,61,60,20
5556500,"BIG BUREAU CREEK AT PRINCETON, IL",Ref,CntlPlains,505.1,7,41.365870,-89.498427,IL,yes,73,60,20
5584500,"LA MOINE RIVER AT COLMAR, IL",Ref,CntlPlains,1695.7,7,40.330322,-90.896245,IL,yes,65,60,20
5585000,"LA MOINE RIVER AT RIPLEY, IL",Ref,CntlPlains,3354.6,7,40.024770,-90.631795,IL,yes,88,60,20
5591550,"WHITLEY CREEK NEAR ALLENVILLE, IL",Ref,CntlPlains,96.2,7,39.506700,-88.527555,IL,yes,29,29,20
5592050,"ROBINSON CREEK NEAR SHELBYVILLE, IL",Ref,CntlPlains,254.1,7,39.405873,-88.896463,IL,yes,30,30,20
5593575,"LITTLE CROOKED CREEK NEAR NEW MINDEN, IL",Ref,SEPlains,217.7,7,38.441716,-89.416751,IL,yes,42,42,20
5593900,"EAST FORK SHOAL CREEK NEAR COFFEEN, IL",Ref,SEPlains,145.4,7,39.148935,-89.352305,IL,yes,46,46,20
5595730,"RAYSE CREEK NEAR WALTONVILLE, IL",Ref,SEPlains,236.8,7,38.253939,-89.039793,IL,yes,30,30,20
6037500,Madison River near West Yellowstone MT,Ref,WestMnts,1126.2,10U,44.656872,-111.068274,MT,yes,82,48,20
6043500,Gallatin River near Gallatin Gateway MT,Ref,WestMnts,2120.4,10U,45.497429,-111.270511,MT,yes,74,55,20
6154410,Little Peoples Creek near Hays MT,Ref,WestMnts,33.4,10U,47.966104,-108.660710,MT,yes,37,37,20
6188000,"LAMAR RIVER NR TOWER FALLS RANGER STATION, YNP",Ref,WestMnts,1730.3,10U,44.927716,-110.393810,WY,yes,67,41,20
6191000,Gardner River near Mammoth YNP,Ref,WestMnts,513.9,10U,44.992436,-110.691321,MT,yes,59,48,20
6191500,Yellowstone River at Corwin Springs MT,Ref,WestMnts,6783.6,10U,45.111880,-110.794381,MT,yes,99,60,20
6221400,"DINWOODY CREEK ABOVE LAKES, NEAR BURRIS, WYO.",Ref,WestMnts,227.9,10U,43.345511,-109.410143,WY,yes,42,42,20
6224000,"BULL LAKE CREEK ABOVE BULL LAKE, WY",Ref,WestMnts,484.9,10U,43.176901,-109.202911,WY,yes,55,47,20
6278300,"SHELL CREEK ABOVE SHELL CREEK RESERVOIR, WY",Ref,WestMnts,58.9,10U,44.508020,-107.403689,WY,yes,53,53,20
6280300,"SOUTH FORK SHOSHONE RIVER NEAR VALLEY, WY",Ref,WestMnts,794.0,10U,44.208282,-109.554888,WY,yes,52,52,20
6289000,Little Bighorn River at State Line nr Wyola MT,Ref,WestMnts,471.3,10U,45.006910,-107.615095,MT,yes,70,60,20
6291500,Lodge Grass Cr ab Willow C Div nr Wyola MT,Ref,WestPlains,218.0,10U,45.126445,-107.600545,MT,yes,62,52,20
6309200,"MIDDLE FORK POWDER RIVER NEAR BARNUM, WY",Ref,WestXeric,117.5,10U,43.577740,-107.138400,WY,yes,48,48,20
6311000,"NORTH FORK POWDER RIVER NEAR HAZELTON, WY",Ref,WestMnts,61.2,10U,44.027742,-107.080895,WY,yes,63,60,20
6332515,"BEAR DEN CREEK NR MANDAREE, ND",Ref,WestPlains,191.5,10U,47.787237,-102.768526,ND,yes,43,43,20
6339100,"KNIFE RIVER AT MANNING, ND",Ref,WestPlains,529.1,10U,47.236126,-102.769907,ND,yes,42,42,20
6339500,"KNIFE RIVER NR GOLDEN VALLEY, ND",Ref,WestPlains,3171.5,10U,47.154453,-102.059892,ND,yes,83,60,20
6344600,"GREEN RIVER NR NEW HRADEC, ND",Ref,WestPlains,402.5,10U,47.027792,-103.053236,ND,yes,45,45,20
6350000,"CANNONBALL RIVER AT REGENT, ND",Ref,WestPlains,1501.0,10U,46.426671,-102.551830,ND,yes,59,59,20
6352000,"CEDAR CREEK NR HAYNES, ND",Ref,WestPlains,1441.8,10U,46.154170,-102.474047,ND,yes,59,59,20
6353000,"CEDAR CREEK NR RALEIGH, ND",Ref,WestPlains,4526.5,10U,46.091670,-101.333742,ND,yes,47,47,20
6354000,"CANNONBALL RIVER AT BREIEN, ND",Ref,WestPlains,10598.2,10U,46.376111,-100.934444,ND,yes,75,60,20
6360500,MOREAU R NEAR WHITEHORSE SD,Ref,WestPlains,12655.0,10U,45.255817,-100.842921,SD,yes,55,55,20
6404000,BATTLE CR NEAR KEYSTONE SD,Ref,WestMnts,151.8,10U,43.872489,-103.336578,SD,yes,49,48,20
6406000,BATTLE CR AT HERMOSA SD,Ref,WestMnts,436.3,10U,43.828046,-103.196021,SD,yes,60,60,20
6408700,RHOADS FORK NEAR ROCHFORD SD,Ref,WestMnts,20.8,10U,44.136649,-103.858536,SD,yes,27,27,20
6409000,CASTLE CR ABOVE DEERFIELD RES NEAR HILL CITY SD,Ref,WestMnts,205.3,10U,44.013592,-103.830478,SD,yes,61,60,20
6422500,BOXELDER CR NEAR NEMO SD,Ref,WestMnts,243.9,10U,44.143876,-103.454911,SD,yes,44,43,20
6431500,SPEARFISH CR AT SPEARFISH SD,Ref,WestMnts,427.1,10U,44.482484,-103.861592,SD,yes,63,60,20
6441500,BAD R NEAR FORT PIERRE SD,Ref,WestPlains,8152.5,10U,44.326649,-100.384300,SD,yes,81,60,20
6447000,WHITE R NEAR KADOKA SD,Ref,WestPlains,12849.7,10U,43.752495,-101.524867,SD,yes,67,60,20
6447500,LITTLE WHITE R NEAR MARTIN SD,Ref,WestPlains,826.6,10U,43.166666,-101.630149,SD,yes,49,47,20
6450500,LITTLE WHITE R BELOW WHITE RIVER SD,Ref,WestPlains,4111.3,10U,43.601385,-100.749861,SD,yes,60,60,20
6452000,WHITE R NEAR OACOMA SD,Ref,WestPlains,25791.0,10U,43.748327,-99.556495,SD,yes,81,60,20
6453600,"PONCA CREEK AT VERDEL, NEBR.",Ref,WestPlains,2101.4,10L,42.810994,-98.175858,NE,yes,52,52,20
6464500,KEYA PAHA R AT WEWELA SD,Ref,WestPlains,2914.0,10L,43.028893,-99.780671,SD,yes,64,60,20
6468170,"JAMES RIVER NR GRACE CITY, ND",Ref,CntlPlains,2809.1,10U,47.558053,-98.862885,ND,yes,41,41,20
6468250,"JAMES RIVER ABOVE ARROWWOOD LAKE NR KENSAL, ND",Ref,CntlPlains,3242.6,10U,47.399719,-98.797606,ND,yes,24,24,20
6470800,"BEAR CREEK NR OAKES, ND",Ref,CntlPlains,1071.1,10U,46.225244,-98.071768,ND,yes,33,33,20
6477500,FIRESTEEL CR NEAR MOUNT VERNON SD,Ref,CntlPlains,1512.4,10U,43.776400,-98.245672,SD,yes,54,54,20
6479215,BIG SIOUX RIVER NR FLORENCE SD,Ref,CntlPlains,175.3,10L,45.180795,-97.186190,SD,yes,25,25,20
6479438,BIG SIOUX R NEAR WATERTOWN SD,Ref,CntlPlains,951.9,10L,45.006075,-97.165076,SD,yes,37,37,20
6601000,"OMAHA CR AT HOMER, NEBR",Ref,CntlPlains,450.2,10L,42.321581,-96.487683,NE,yes,64,60,20
6614800,"MICHIGAN RIVER NEAR CAMERON PASS, CO.",Ref,WestMnts,4.0,10L,40.496094,-105.865012,CO,yes,36,36,20
6622700,"NORTH BRUSH CREEK NEAR SARATOGA, WY",Ref,WestMnts,98.7,10L,41.370245,-106.520581,WY,yes,49,49,20
6632400,"ROCK CREEK AB KING CANYON CANAL, NR ARLINGTON, WY",Ref,WestMnts,163.0,10L,41.585245,-106.222791,WY,yes,55,55,20
6746095,"JOE WRIGHT CREEK ABOVE JOE WRIGHT RESERVOIR, CO.",Ref,WestMnts,8.9,10L,40.539982,-105.882790,CO,yes,31,31,20
6775500,"MIDDLE LOUP RIVER AT DUNNING, NEBR.",Ref,WestPlains,5459.8,10L,41.831244,-100.100778,NE,yes,64,60,20
6784000,"SOUTH LOUP R AT ST. MICHAEL, NEBR.",Ref,WestPlains,6019.7,10L,41.032444,-98.740533,NE,yes,66,60,20
6803510,"LITTLE SALT CREEK NEAR LINCOLN, NEBR.",Ref,CntlPlains,113.3,10L,40.893114,-96.681553,NE,yes,40,40,20
6803530,"ROCK CREEK NEAR CERESCO, NEBR.",Ref,CntlPlains,309.7,10L,41.015697,-96.544283,NE,yes,39,39,20
6814000,"TURKEY C NR SENECA, KS",Ref,CntlPlains,713.8,10L,39.947777,-96.108615,KS,yes,60,60,20
6846500,"BEAVER C AT CEDAR BLUFFS, KS",Ref,WestPlains,4357.8,10L,39.985006,-100.560148,KS,yes,63,60,20
6847900,"PRAIRIE DOG C AB KEITH SEBELIUS LAKE, KS",Ref,WestPlains,1536.2,10L,39.769849,-100.100779,KS,yes,47,47,20
6853800,"WHITE ROCK C NR BURR OAK, KS",Ref,WestPlains,589.4,10L,39.899249,-98.250425,KS,yes,52,52,20
6876700,"SALT C NR ADA, KS",Ref,WestPlains,1056.4,10L,39.139069,-97.836960,KS,yes,50,50,20
6878000,"CHAPMAN C NR CHAPMAN, KS",Ref,WestPlains,776.4,10L,39.031109,-97.040292,KS,yes,55,55,20
6879650,"KINGS C NR MANHATTAN, KS",Ref,WestPlains,11.5,10L,39.101948,-96.595214,KS,yes,30,30,20
6885500,"BLACK VERMILLION R NR FRANKFORT, KS",Ref,CntlPlains,1062.9,10L,39.681924,-96.442894,KS,yes,56,56,20
6888500,"MILL C NR PAXICO, KS",Ref,WestPlains,842.3,10L,39.062655,-96.150252,KS,yes,55,55,20
6889200,"SOLDIER C NR DELIA, KS",Ref,CntlPlains,385.7,10L,39.238330,-95.888599,KS,yes,51,51,20
6889500,"SOLDIER C NR TOPEKA, KS",Ref,CntlPlains,748.6,10L,39.099380,-95.724952,KS,yes,77,60,20
6892000,"STRANGER C NR TONGANOXIE, KS",Ref,CntlPlains,1092.7,10L,39.116327,-95.010881,KS,yes,80,60,20
6903400,"Chariton River near Chariton, IA",Ref,CntlPlains,481.4,10L,40.951890,-93.259848,IA,yes,44,44,20
6906800,"Lamine River near Otterville, MO",Ref,EastHghlnds,1414.8,10L,38.702250,-92.978833,MO,yes,22,22,20
6910800,"MARAIS DES CYGNES R NR READING, KS",Ref,CntlPlains,444.6,10L,38.567005,-95.961632,KS,yes,40,40,20
6911900,"DRAGOON C NR BURLINGAME, KS",Ref,CntlPlains,293.1,10L,38.710690,-95.836029,KS,yes,49,49,20
6917000,"L OSAGE R AT FULTON, KS",Ref,CntlPlains,765.8,10L,38.018968,-94.713668,KS,yes,60,60,20
6918460,"Turnback Creek above Greenfield, MO",Ref,EastHghlnds,650.7,10L,37.402369,-93.802028,MO,yes,44,44,20
6919500,"Cedar Creek near Pleasant View, MO",Ref,CntlPlains,1069.4,10L,37.834203,-93.875492,MO,yes,64,60,20
6921070,"Pomme de Terre River near Polk, MO",Ref,EastHghlnds,712.6,10L,37.682653,-93.370333,MO,yes,41,41,20
6921200,"Lindley Creek near Polk, MO",Ref,EastHghlnds,323.6,10L,37.750467,-93.266183,MO,yes,52,52,20
6934000,"Gasconade River near Rich Fountain, MO",Ref,EastHghlnds,8264.9,10L,38.388808,-91.819889,MO,yes,60,33,20
7014500,"Meramec River near Sullivan, MO",Ref,EastHghlnds,3845.5,7,38.158531,-91.108458,MO,yes,78,60,20
7056000,"Buffalo River near St. Joe, AR",Ref,EastHghlnds,2149.4,11,35.983175,-92.747553,AR,yes,70,60,20
7057500,"North Fork River near Tecumseh, MO",Ref,EastHghlnds,1456.4,11,36.623033,-92.248125,MO,yes,65,60,20
7060710,"North Sylamore Creek near Fifty Six, AR",Ref,EastHghlnds,150.0,11,35.995351,-92.212655,AR,yes,43,43,20
7066000,"Jacks Fork at Eminence, MO",Ref,EastHghlnds,1053.5,11,37.154081,-91.358161,MO,yes,87,60,20
7067000,"Current River at Van Buren, MO",Ref,EastHghlnds,4349.0,11,36.991378,-91.013511,MO,yes,88,60,20
7068000,"Current River at Doniphan, MO",Ref,EastHghlnds,5318.6,11,36.622003,-90.847623,MO,yes,88,60,20
7071500,"Eleven Point River near Bardley, MO",Ref,EastHghlnds,2023.8,11,36.648681,-91.200819,MO,yes,88,60,20
7083000,"HALFMOON CREEK NEAR MALTA, CO.",Ref,WestMnts,60.8,11,39.172213,-106.389193,CO,yes,63,60,20
7105945,"ROCK CREEK ABOVE FORT CARSON RESERVATION, CO.",Ref,WestMnts,17.5,11,38.707493,-104.846640,CO,yes,31,31,20
7142300,"RATTLESNAKE C NR MACKSVILLE, KS",Ref,WestPlains,1819.9,11,37.871594,-98.876137,KS,yes,50,50,20
7144780,"NF NINNESCAH R AB CHENEY RE, KS",Ref,WestPlains,2078.9,11,37.862607,-98.013853,KS,yes,44,44,20
7145700,"SLATE C AT WELLINGTON, KS",Ref,WestPlains,399.8,11,37.249550,-97.403896,KS,yes,40,40,20
7148400,"Salt Fork Arkansas River nr Alva, OK",Ref,WestPlains,2544.5,11,36.815031,-98.648139,OK,yes,43,32,20
7149000,"MEDICINE LODGE R NR KIOWA, KS",Ref,WestPlains,2291.2,11,37.039202,-98.470215,KS,yes,63,52,20
7151500,"CHIKASKIA R NR CORBIN, KS",Ref,WestPlains,2109.0,11,37.128912,-97.601439,KS,yes,49,49,20
7167500,"OTTER C AT CLIMAX, KS",Ref,WestPlains,319.6,11,37.708210,-96.223602,KS,yes,63,60,20
7180500,"CEDAR C NR CEDAR POINT, KS",Ref,WestPlains,275.5,11,38.196451,-96.824579,KS,yes,71,60,20
7184000,"LIGHTNING C NR MCCUNE, KS",Ref,CntlPlains,510.8,11,37.281254,-95.032668,KS,yes,58,50,20
7195800,"Flint Creek at Springtown, AR",Ref,EastHghlnds,38.2,11,36.255481,-94.433942,AR,yes,48,48,20
7196900,"Baron Fork at Dutch Mills, AR",Ref,EastHghlnds,106.4,11,35.880082,-94.486606,AR,yes,51,51,20
7197000,"Baron Fork at Eldon, OK",Ref,EastHghlnds,808.4,11,35.921200,-94.838563,OK,yes,61,60,20
7208500,"RAYADO CREEK NEAR CIMARRON, NM",Ref,WestMnts,159.2,11,36.372258,-104.970003,NM,yes,82,60,20
7226500,"UTE CREEK NEAR LOGAN, NM",Ref,WestPlains,5242.8,11,35.438382,-103.525794,NM,yes,67,60,20
7261000,"Cadron Creek near Guy, AR",Ref,EastHghlnds,445.8,11,35.298800,-92.403931,AR,yes,55,55,20
7290650,"BAYOU PIERRE NR WILLOWS, MS",Ref,SEPlains,1688.7,8,32.017778,-90.876944,MS,yes,48,48,20
7291000,"HOMOCHITTO RIVER AT EDDICETON, MS",Ref,SEPlains,479.3,8,31.503056,-90.777500,MS,yes,71,60,20
7292500,"HOMOCHITTO RIVER AT ROSETTA, MS",Ref,SEPlains,2073.1,8,31.324722,-91.109444,MS,yes,58,58,20
7295000,"BUFFALO RIVER NR WOODVILLE, MS",Ref,SEPlains,466.6,8,31.226944,-91.295556,MS,yes,67,60,20
7299670,"Groesbeck Ck at SH 6 nr Quanah, TX",Ref,WestPlains,828.4,11,34.354520,-99.740372,TX,yes,47,47,20
7301410,"Sweetwater Ck nr Kelton, TX",Ref,WestPlains,769.7,11,35.473104,-100.120950,TX,yes,47,47,20
7301500,"North Fork Red River near Carter, OK",Ref,WestPlains,6885.1,11,35.168108,-99.507313,OK,yes,63,58,20
7315200,"E Fk Little Wichita Rv nr Henrietta, TX",Ref,WestPlains,501.6,11,33.812878,-98.085041,TX,yes,45,45,20
7315700,"Mud Creek near Courtney, OK",Ref,WestPlains,1488.7,11,34.004265,-97.566968,OK,yes,49,49,20
7335700,"Kiamichi River near Big Cedar, OK",Ref,EastHghlnds,102.6,11,34.638437,-94.612724,OK,yes,44,44,20
7340300,"Cossatot River near Vandervoort, AR",Ref,EastHghlnds,230.4,11,34.379554,-94.235763,AR,yes,42,42,20
7346045,"Black Cypress Bayou at Jefferson, TX",Ref,SEPlains,959.9,11,32.777917,-94.357415,TX,yes,41,41,20
7359610,"Caddo River near Caddo Gap, AR",Ref,EastHghlnds,342.2,08,34.382780,-93.606110,AR,yes,21,21,20
7362100,"SMACKOVER CREEK NEAR SMACKOVER, ARK.",Ref,SEPlains,996.1,8,33.375956,-92.777106,AR,yes,48,48,20
7373000,"Big Creek at Pollock, LA",Ref,SEPlains,131.2,8,31.536287,-92.408471,LA,yes,67,60,20
7375000,"Tchefuncta River near Folsom, LA",Ref,SEPlains,249.3,8,30.616022,-90.248695,LA,yes,65,59,20
7376000,"Tickfaw River at Holden, LA",Ref,SEPlains,651.6,8,30.503802,-90.677316,LA,yes,68,59,20
7377000,"Amite River near Darlington, LA",Ref,SEPlains,1525.3,8,30.889069,-90.844545,LA,yes,59,59,20
8013000,"CALCASIEU RIVER NR GLENMORA, LA",Ref,SEPlains,1293.7,8,30.996023,-92.673755,LA,yes,66,60,20
8014500,"Whiskey Chitto Creek Near Oberlin, LA",Ref,SEPlains,1305.1,8,30.698750,-92.893194,LA,yes,69,59,20
8023080,"Bayou Grand Cane near Stanley, LA",Ref,SEPlains,187.6,12,31.979333,-93.934077,LA,yes,29,29,20
8025500,"Bayou Toro near Toro, LA",Ref,SEPlains,383.0,12,31.307127,-93.515729,LA,yes,52,52,20
8029500,"Big Cow Ck nr Newton, TX",Ref,SEPlains,333.4,12,30.818889,-93.785556,TX,yes,57,57,20
8050800,"Timber Ck nr Collinsville, TX",Ref,WestPlains,100.9,12,33.554554,-96.947227,TX,yes,24,24,20
8066200,"Long King Ck at Livingston, TX",Ref,SEPlains,364.1,12,30.716306,-94.958824,TX,yes,46,46,20
8066300,"Menard Ck nr Rye, TX",Ref,SEPlains,383.6,12,30.481389,-94.779722,TX,yes,43,43,20
8070000,"E Fk San Jacinto Rv nr Cleveland, TX",Ref,SEPlains,841.1,12,30.336598,-95.104100,TX,yes,70,60,20
8070200,"E Fk San Jacinto Rv nr New Caney, TX",Ref,SEPlains,989.4,12,30.145493,-95.124376,TX,yes,25,25,20
8079600,"DMF Brazos Rv at Justiceburg, TX",Ref,WestPlains,3348.9,12,33.038432,-101.197630,TX,yes,47,47,20
8082700,"Millers Ck nr Munday, TX",Ref,WestPlains,276.0,12,33.329266,-99.465083,TX,yes,46,46,20
8086212,"Hubbard Ck bl Albany, TX",Ref,WestPlains,1584.8,12,32.732897,-99.140630,TX,yes,43,43,20
8086290,"Big Sandy Ck abv Breckenridge, TX",Ref,WestPlains,733.0,12,32.648456,-99.004515,TX,yes,47,47,20
8101000,"Cowhouse Ck at Pidcoke, TX",Ref,WestPlains,1177.1,12,31.284890,-97.885024,TX,yes,59,59,20
8103900,"S Fk Rocky Ck nr Briggs, TX",Ref,WestPlains,86.0,12,30.911568,-98.036968,TX,yes,46,46,20
8104900,"S Fk San Gabriel Rv at Georgetown, TX",Ref,WestPlains,342.6,12,30.625750,-97.691120,TX,yes,41,41,20
8109700,"Middle Yegua Ck nr Dime Box, TX",Ref,SEPlains,610.1,12,30.339378,-96.904704,TX,yes,47,47,20
8150800,"Beaver Ck nr Mason, TX",Ref,WestPlains,557.5,12,30.643515,-99.095885,TX,yes,46,46,20
8155200,"Barton Ck at SH 71 nr Oak Hill, TX",Ref,WestPlains,232.7,12,30.296316,-97.925565,TX,yes,24,24,20
8158700,"Onion Ck nr Driftwood, TX",Ref,WestPlains,320.3,12,30.082989,-98.007786,TX,yes,30,30,20
8158810,"Bear Ck bl FM 1826 nr Driftwood, TX",Ref,WestPlains,31.8,12,30.155487,-97.940008,TX,yes,30,30,20
8164000,"Lavaca Rv nr Edna, TX",Ref,WestPlains,2124.0,12,28.959984,-96.686367,TX,yes,71,60,20
8164300,"Navidad Rv nr Hallettsville, TX",Ref,WestPlains,861.5,12,29.466908,-96.812756,TX,yes,48,48,20
8164600,"Garcitas Ck nr Inez, TX",Ref,SECstPlain,253.9,12,28.891376,-96.819149,TX,yes,39,39,20
8165300,"N Fk Guadalupe Rv nr Hunt, TX",Ref,WestPlains,436.0,12,30.064097,-99.386992,TX,yes,42,42,20
8171300,"Blanco Rv nr Kyle, TX",Ref,WestPlains,1067.5,12,29.979383,-97.910005,TX,yes,53,53,20
8175000,"Sandies Ck nr Westhoff, TX",Ref,SEPlains,1421.7,12,29.215248,-97.449435,TX,yes,54,50,20
8176900,"Coleto Ck at Arnold Rd nr Schroeder, TX",Ref,SEPlains,925.4,12,28.861653,-97.226379,TX,yes,31,31,20
8178880,"Medina Rv at Bandera, TX",Ref,WestPlains,850.6,12,29.723835,-99.070035,TX,yes,27,27,20
8189500,"Mission Rv at Refugio, TX",Ref,SEPlains,1808.3,12,28.291951,-97.279159,TX,yes,70,60,20
8190000,"Nueces Rv at Laguna, TX",Ref,WestPlains,1961.4,12,29.428567,-99.997287,TX,yes,86,60,20
8190500,"W Nueces Rv nr Brackettville, TX",Ref,WestPlains,1799.1,12,29.472731,-100.236463,TX,yes,64,54,20
8194200,"San Casimiro Ck nr Freer, TX",Ref,WestPlains,1220.6,12,27.965013,-98.966968,TX,yes,47,47,20
8195000,"Frio Rv at Concan, TX",Ref,WestPlains,1028.3,12,29.488565,-99.704776,TX,yes,84,60,20
8196000,"Dry Frio Rv nr Reagan Wells, TX",Ref,WestPlains,327.0,12,29.504676,-99.781445,TX,yes,57,57,20
8198500,"Sabinal Rv at Sabinal, TX",Ref,WestPlains,624.3,12,29.314306,-99.480472,TX,yes,57,57,20
8200000,"Hondo Ck nr Tarpley, TX",Ref,WestPlains,249.1,12,29.569673,-99.246706,TX,yes,57,57,20
8202700,"Seco Ck at Rowe Ranch nr D'Hanis, TX",Ref,WestPlains,434.7,12,29.370789,-99.287819,TX,yes,48,48,20
8267500,"RIO HONDO NEAR VALDEZ, NM",Ref,WestMnts,96.3,13,36.541693,-105.556398,NM,yes,75,60,20
8269000,"RIO PUEBLO DE TAOS NEAR TAOS, NM",Ref,WestMnts,163.3,13,36.439472,-105.503620,NM,yes,58,48,20
8271000,"RIO LUCERO NEAR ARROYO SECO, NM",Ref,WestMnts,43.8,13,36.508361,-105.530842,NM,yes,65,48,20
8324000,"JEMEZ RIVER NEAR JEMEZ, NM",Ref,WestMnts,1207.9,13,35.661694,-106.743369,NM,yes,61,57,20
8377900,"RIO MORA NEAR TERRERO, NM",Ref,WestMnts,139.0,13,35.777254,-105.658073,NM,yes,46,46,20
8378500,"PECOS RIVER NEAR PECOS, NM",Ref,WestMnts,445.0,13,35.708366,-105.682517,NM,yes,81,60,20
8380500,"GALLINAS CREEK NEAR MONTEZUMA, NM",Ref,WestMnts,198.1,13,35.651986,-105.318900,NM,yes,83,60,20
9034900,"BOBTAIL CREEK NEAR JONES PASS, CO.",Ref,WestMnts,15.6,14,39.760264,-105.906401,CO,yes,44,44,20
9035800,"DARLING CREEK NEAR LEAL, CO.",Ref,WestMnts,22.9,14,39.800542,-106.026407,CO,yes,44,44,20
9035900,"SOUTH FORK OF WILLIAMS FORK NEAR LEAL, CO.",Ref,WestMnts,72.8,14,39.795820,-106.030573,CO,yes,44,44,20
9047700,"KEYSTONE GULCH NEAR DILLON, CO.",Ref,WestMnts,23.6,14,39.594431,-105.972516,CO,yes,52,52,20
9065500,"GORE CREEK AT UPPER STATION, NEAR MINTURN, CO.",Ref,WestMnts,37.8,14,39.625819,-106.278082,CO,yes,55,53,20
9066000,"BLACK GORE CREEK NEAR MINTURN, CO.",Ref,WestMnts,32.4,14,39.596375,-106.265026,CO,yes,55,53,20
9066200,"BOOTH CREEK NEAR MINTURN, CO.",Ref,WestMnts,16.1,14,39.648319,-106.323083,CO,yes,45,45,20
9066300,"MIDDLE CREEK NEAR MINTURN, CO.",Ref,WestMnts,15.5,14,39.645819,-106.382251,CO,yes,45,45,20
9081600,"CRYSTAL RIVER AB AVALANCHE C, NEAR REDSTONE, CO.",Ref,WestMnts,432.9,14,39.232207,-107.227273,CO,yes,54,54,20
9107000,"TAYLOR RIVER AT TAYLOR PARK, CO.",Ref,WestMnts,331.6,14,38.860271,-106.566697,CO,yes,27,22,20
9183500,"MILL CREEK AT SHELEY TUNNEL, NEAR MOAB, UT.",Ref,WestMnts,74.3,14,38.483040,-109.404004,UT,yes,27,27,20
9210500,"FONTENELLE C NR HERSCHLER RANCH, NR FONTENELLE, WY",Ref,WestMnts,398.3,14,42.096053,-110.416556,WY,yes,58,58,20
9223000,"HAMS FORK BELOW POLE CREEK, NEAR FRONTIER, WY",Ref,WestMnts,333.2,14,42.110494,-110.709621,WY,yes,57,57,20
9306242,"CORRAL GULCH NEAR RANGELY, CO.",Ref,WestXeric,82.0,14,39.920250,-108.472872,CO,yes,35,35,20
9312600,"WHITE RIVER BL TABBYUNE C NEAR SOLDIER SUMMIT, UT",Ref,WestMnts,195.3,14,39.875793,-111.037388,UT,yes,42,42,20
9352900,"VALLECITO CREEK NEAR BAYFIELD, CO.",Ref,WestMnts,188.2,14,37.477501,-107.543669,CO,yes,47,47,20
9378170,"SOUTH CREEK ABOVE RESERVOIR NEAR MONTICELLO, UT",Ref,WestMnts,21.9,14,37.846661,-109.369562,UT,yes,24,24,20
9378630,"RECAPTURE CREEK NEAR BLANDING, UT",Ref,WestMnts,10.4,14,37.755550,-109.476511,UT,yes,44,44,20
9386900,"RIO NUTRIA NEAR RAMAH, NM",Ref,WestMnts,184.9,15,35.282529,-108.553411,NM,yes,40,40,20
9404450,"EAST FORK VIRGIN RIVER NEAR GLENDALE, UT",Ref,WestXeric,193.0,15,37.339427,-112.604377,UT,yes,43,43,20
9430500,"GILA RIVER NEAR GILA, NM",Ref,WestMnts,4804.9,15,33.061179,-108.537275,NM,yes,81,60,20
9430600,"MOGOLLON CREEK NEAR CLIFF, NM",Ref,WestMnts,190.5,15,33.166733,-108.649779,NM,yes,42,42,20
9447800,"BONITA CREEK NEAR MORENCI, AZ.",Ref,WestXeric,782.0,15,32.955618,-109.531188,AZ,yes,28,28,20
9480000,"SANTA CRUZ RIVER NEAR LOCHIEL, AZ.",Ref,WestXeric,213.4,15,31.355378,-110.589526,AZ,yes,60,60,20
9484000,"SABINO CREEK NEAR TUCSON, AZ.",Ref,WestXeric,103.7,15,32.316742,-110.810367,AZ,yes,62,45,20
9484600,"PANTANO WASH NEAR VAIL, AZ.",Ref,WestXeric,1179.6,15,32.035914,-110.677582,AZ,yes,35,35,20
9492400,"EAST FORK WHITE RIVER NEAR FORT APACHE, AZ.",Ref,WestMnts,129.0,15,33.822272,-109.814541,AZ,yes,52,52,20
9494000,"WHITE RIVER NEAR FORT APACHE, AZ.",Ref,WestMnts,1628.2,15,33.736441,-110.166767,AZ,yes,52,52,20
9497800,"CIBECUE CREEK NEAR CHYSOTILE, AZ.",Ref,WestMnts,750.9,15,33.843105,-110.557609,AZ,yes,50,50,20
9497980,"CHERRY CREEK NEAR GLOBE, AZ.",Ref,WestMnts,516.8,15,33.827826,-110.856227,AZ,yes,43,43,20
9505200,"WET BEAVER CREEK NEAR RIMROCK, AZ.",Ref,WestMnts,285.7,15,34.674744,-111.672094,AZ,yes,41,41,20
9505350,"DRY BEAVER CREEK NEAR RIMROCK, AZ.",Ref,WestMnts,365.7,15,34.728631,-111.775708,AZ,yes,49,49,20
9505800,"WEST CLEAR CREEK NEAR CAMP VERDE, AZ.",Ref,WestMnts,614.9,15,34.538636,-111.694036,AZ,yes,44,44,20
9508300,"WET BOTTOM CREEK NEAR CHILDS, AZ.",Ref,WestMnts,93.0,15,34.160868,-111.692924,AZ,yes,42,42,20
9510200,"SYCAMORE CREEK NEAR FORT MCDOWELL, AZ.",Ref,WestMnts,425.3,15,33.694211,-111.541802,AZ,yes,49,49,20
9512280,"CAVE CREEK BLW COTTONWOOD CR NEAR CAVE CREEK, AZ.",Ref,WestMnts,188.7,15,33.887260,-111.954039,AZ,yes,29,29,20
9513780,"NEW RIVER NEAR ROCK SPRINGS, AZ.",Ref,WestMnts,177.5,15,33.974202,-112.099046,AZ,yes,43,43,20
9535100,"SAN SIMON WASH NEAR PISINIMO, AZ.",Ref,WestXeric,1482.9,15,32.044237,-112.370971,AZ,yes,37,37,20
10023000,"BIG CREEK NEAR RANDOLPH, UT",Ref,WestMnts,131.5,16,41.609942,-111.254088,UT,yes,47,44,20
10109001,COM F LOGAN R AB ST D AND LO HP AND SM C N LO UT,Ref,WestMnts,555.6,16,41.744375,-111.784387,UT,yes,88,60,20
10166430,"WEST CANYON CREEK NEAR CEDAR FORT, UT",Ref,WestXeric,70.2,16,40.405226,-112.100496,UT,yes,33,33,20
10172200,"RED BUTTE CREEK AT FORT DOUGLAS, NEAR SLC, UT",Ref,WestMnts,18.7,16,40.779946,-111.806045,UT,yes,46,46,20
10172700,"VERNON CREEK NEAR VERNON, UT",Ref,WestXeric,69.9,16,39.979391,-112.380230,UT,yes,51,51,20
10172800,"SOUTH WILLOW CREEK NEAR GRANTSVILLE, UT",Ref,WestXeric,11.1,16,40.496331,-112.574403,UT,yes,46,46,20
10173450,"MAMMOTH CREEK ABV WEST HATCH DITCH, NEAR HATCH, UT",Ref,WestMnts,268.5,16,37.622757,-112.516877,UT,yes,45,45,20
10234500,"BEAVER RIVER NEAR BEAVER, UT",Ref,WestMnts,236.4,16,38.280526,-112.568271,UT,yes,95,60,20
10242000,"COAL CREEK NEAR CEDAR CITY, UT",Ref,WestMnts,208.7,16,37.672199,-113.034670,UT,yes,75,60,20
10244950,"STEPTOE C NR ELY, NV",Ref,WestXeric,28.2,16,39.201539,-114.689161,NV,yes,43,43,20
10249300,"S TWIN R NR ROUND MOUNTAIN, NV",Ref,WestXeric,50.2,16,38.887430,-117.245367,NV,yes,44,44,20
10258000,TAHQUITZ C NR PALM SPRINGS CA,Ref,WestXeric,43.7,18,33.805019,-116.559182,CA,yes,61,59,20
10258500,PALM CYN C NR PALM SPRINGS CA,Ref,WestXeric,241.5,18,33.745022,-116.535571,CA,yes,73,60,20
10259000,ANDREAS C NR PALM SPRINGS CA,Ref,WestXeric,22.5,18,33.760021,-116.550015,CA,yes,61,60,20
10259200,DEEP C NR PALM DESERT CA,Ref,WestXeric,79.1,18,33.631136,-116.392234,CA,yes,47,47,20
10263500,BIG ROCK C NR VALYERMO CA,Ref,WestXeric,59.5,18,34.420831,-117.839507,CA,yes,86,60,20
10308200,E F CARSON R BL MARKLEEVILLE C NR MARKLEEVILLECA,Ref,WestMnts,716.4,16,38.714627,-119.764898,CA,yes,49,49,20
10310500,"CLEAR CREEK NEAR CARSON CITY, NV",Ref,WestMnts,39.5,16,39.113242,-119.798237,NV,yes,34,33,20
10316500,"LAMOILLE C NR LAMOILLE, NV",Ref,WestXeric,64.8,16,40.690761,-115.477003,NV,yes,73,60,20
10329500,"MARTIN C NR PARADISE VALLEY, NV",Ref,WestXeric,454.5,16,41.534618,-117.417905,NV,yes,88,60,20
10336645,GENERAL C NR MEEKS BAY CA,Ref,WestMnts,19.6,16,39.051852,-120.118521,CA,yes,29,29,20
10336660,BLACKWOOD C NR TAHOE CITY CA,Ref,WestMnts,29.8,16,39.107407,-120.162135,CA,yes,49,49,20
10336676,WARD C AT HWY 89 NR TAHOE PINES CA,Ref,WestMnts,24.7,16,39.132129,-120.157691,CA,yes,37,37,20
10336740,"Logan House Ck nr Glenbrook, NV",Ref,WestMnts,5.5,16,39.066575,-119.935460,NV,yes,26,26,20
10343500,SAGEHEN C NR TRUCKEE CA,Ref,WestMnts,27.6,16,39.431572,-120.237979,CA,yes,56,56,20
10348850,GALENA C AT GALENA C STATE PARK,Ref,WestMnts,19.1,16,39.354354,-119.858522,NV,yes,25,25,20
10396000,DONNER UND BLITZEN RIVER NR FRENCHGLEN OR,Ref,WestXeric,528.9,17,42.790833,-118.867500,OR,yes,79,60,20
11015000,SWEETWATER R NR DESCANSO CA,Ref,WestXeric,117.8,18,32.834774,-116.623075,CA,yes,75,53,20
11098000,ARROYO SECO NR PASADENA CA,Ref,WestXeric,41.6,18,34.222226,-118.177573,CA,yes,95,60,20
11124500,SANTA CRUZ C NR SANTA YNEZ CA,Ref,WestXeric,191.5,18,34.596656,-119.908752,CA,yes,68,60,20
11141280,LOPEZ C NR ARROYO GRANDE CA,Ref,WestXeric,54.0,18,35.235530,-120.472386,CA,yes,42,42,20
11143000,BIG SUR R NR BIG SUR CA,Ref,WestXeric,120.6,18,36.245796,-121.773287,CA,yes,59,59,20
11148900,NACIMIENTO R BL SAPAQUE C NR BRYSON CA,Ref,WestXeric,403.5,18,35.788579,-121.093805,CA,yes,38,38,20
11151300,SAN LORENZO C BL BITTERWATER C NR KING CITY CA,Ref,WestXeric,608.2,18,36.268021,-121.066303,CA,yes,51,51,20
11162500,PESCADERO C NR PESCADERO CA,Ref,WestMnts,118.9,18,37.260777,-122.328860,CA,yes,58,58,20
11176400,ARROYO VALLE BL LANG CN NR LIVERMORE CA,Ref,WestXeric,338.6,18,37.561322,-121.683839,CA,yes,46,46,20
11180500,DRY C A UNION CITY CA,Ref,WestXeric,24.3,18,37.606045,-122.023850,CA,yes,53,50,20
11180960,CULL C AB CULL C RES NR CASTRO VALLEY CA,Ref,WestXeric,15.1,18,37.717707,-122.054407,CA,yes,31,31,20
11224500,LOS GATOS C AB NUNEZ CYN NR COALINGA CA,Ref,WestXeric,247.4,18,36.214677,-120.470712,CA,yes,64,60,20
11230500,BEAR C NR LAKE THOMAS A EDISON CA,Ref,WestMnts,135.5,18,37.339386,-118.973451,CA,yes,88,60,20
11237500,PITMAN C BL TAMARACK C CA,Ref,WestMnts,59.8,18,37.198557,-119.213733,CA,yes,81,60,20
11253310,CANTUA C NR CANTUA CREEK CA,Ref,WestXeric,120.4,18,36.402174,-120.433492,CA,yes,43,43,20
11264500,MERCED R A HAPPY ISLES BRIDGE NR YOSEMITE CA,Ref,WestMnts,468.0,18,37.731593,-119.558774,CA,yes,94,60,20
11266500,MERCED R A POHONO BRIDGE NR YOSEMITE CA,Ref,WestMnts,833.1,18,37.716871,-119.666279,CA,yes,93,60,20
11274500,ORESTIMBA C NR NEWMAN CA,Ref,WestXeric,347.8,18,37.315492,-121.125208,CA,yes,77,60,20
11274630,DEL PUERTO C NR PATTERSON CA,Ref,WestXeric,187.4,18,37.486599,-121.209103,CA,yes,44,44,20
11284400,BIG C AB WHITES GULCH NR GROVELAND CA,Ref,WestMnts,41.7,18,37.841871,-120.184910,CA,yes,40,40,20
11299600,BLACK C NR COPPEROPOLIS CA,Ref,WestXeric,37.3,18,37.961036,-120.615203,CA,yes,26,26,20
11315000,COLE C NR SALT SPRINGS DAM CA,Ref,WestMnts,54.0,18,38.519078,-120.212693,CA,yes,81,60,20
11381500,MILL C NR LOS MOLINOS CA,Ref,WestMnts,337.6,18,40.054602,-122.024154,CA,yes,81,60,20
11383500,DEER C NR VINA CA,Ref,WestMnts,539.8,18,40.014047,-121.948318,CA,yes,93,60,20
11427700,DUNCAN CYN C NR FRENCH MEADOWS CA,Ref,WestMnts,25.5,18,39.135738,-120.478535,CA,yes,49,49,20
11451100,NF CACHE C A HOUGH SPRING NR CLEARLAKE OAKS CA,Ref,WestXeric,155.1,18,39.165446,-122.619986,CA,yes,38,38,20
11468500,NOYO R NR FORT BRAGG CA,Ref,WestMnts,273.5,18,39.428224,-123.737792,CA,yes,58,58,20
11473900,MF EEL R NR DOS RIOS CA,Ref,WestMnts,1925.0,18,39.706267,-123.325291,CA,yes,44,44,20
11475560,ELDER C NR BRANSCOMB CA,Ref,WestMnts,16.8,18,39.729600,-123.643907,CA,yes,42,42,20
11476600,BULL C NR WEOTT CA,Ref,WestMnts,71.8,18,40.351250,-124.003931,CA,yes,49,49,20
11478500,VAN DUZEN R NR BRIDGEVILLE CA,Ref,WestMnts,572.4,18,40.480416,-123.890876,CA,yes,59,59,20
11480390,MAD R AB RUTH RES NR FOREST GLEN CA,Ref,WestMnts,242.6,18,40.284313,-123.335303,CA,yes,29,29,20
11481200,LITTLE R NR TRINIDAD CA,Ref,WestMnts,105.4,18,41.010959,-124.081733,CA,yes,54,54,20
11482500,REDWOOD C A ORICK CA,Ref,WestMnts,718.0,18,41.299290,-124.051182,CA,yes,58,56,20
11522500,SALMON R A SOMES BAR CA,Ref,WestMnts,1943.1,18,41.377627,-123.477558,CA,yes,86,60,20
11523200,TRINITY R AB COFFEE C NR TRINITY CTR CA,Ref,WestMnts,382.9,18,41.111257,-122.705579,CA,yes,52,52,20
11528700,SF TRINITY R BL HYAMPOM CA,Ref,WestMnts,1980.1,18,40.649863,-123.494205,CA,yes,44,44,20
11532500,SMITH R NR CRESCENT CITY CA,Ref,WestMnts,1578.0,18,41.791503,-124.076189,CA,yes,78,60,20
12010000,"NASELLE RIVER NEAR NASELLE, WA",Ref,WestMnts,142.2,17,46.373994,-123.743482,WA,yes,80,60,20
12013500,"WILLAPA RIVER NEAR WILLAPA, WA",Ref,WestMnts,337.7,17,46.650934,-123.652658,WA,yes,54,53,20
12020000,"CHEHALIS RIVER NEAR DOTY, WA",Ref,WestMnts,294.2,17,46.617324,-123.277644,WA,yes,70,60,20
12025000,"NEWAUKUM RIVER NEAR CHEHALIS, WA",Ref,WestMnts,404.9,17,46.620104,-122.945126,WA,yes,68,59,20
12025700,"SKOOKUMCHUCK RIVER NEAR VAIL, WA",Ref,WestMnts,103.3,17,46.772603,-122.594009,WA,yes,42,42,20
12035000,"SATSOP RIVER NEAR SATSOP, WA",Ref,WestMnts,769.9,17,47.000651,-123.494884,WA,yes,80,60,20
12040500,"QUEETS RIVER NEAR CLEARWATER, WA",Ref,WestMnts,1153.4,17,47.537859,-124.315746,WA,yes,54,35,20
12041200,"HOH RIVER AT US HIGHWAY 101 NEAR FORKS, WA",Ref,WestMnts,655.8,17,47.806747,-124.251033,WA,yes,49,49,20
12043000,"CALAWAH RIVER NEAR FORKS, WA",Ref,WestMnts,337.2,17,47.960077,-124.392987,WA,yes,31,29,20
12048000,"DUNGENESS RIVER NEAR SEQUIM, WA",Ref,WestMnts,405.0,17,48.014258,-123.132677,WA,yes,79,60,20
12054000,"DUCKABUSH RIVER NEAR BRINNON, WA",Ref,WestMnts,171.7,17,47.683981,-123.011551,WA,yes,71,60,20
12056500,"NF SKOKOMISH R BL STAIRCASE RPDS NR HOODSPORT, WA",Ref,WestMnts,147.0,17,47.514257,-123.329887,WA,yes,85,60,20
12073500,"HUGE CREEK NEAR WAUNA, WA",Ref,WestMnts,15.7,17,47.389262,-122.699024,WA,yes,54,52,20
12082500,"NISQUALLY RIVER NEAR NATIONAL, WA",Ref,WestMnts,350.0,17,46.752608,-122.083719,WA,yes,67,60,20
12092000,"PUYALLUP RIVER NEAR ELECTRON, WA",Ref,WestMnts,240.9,17,46.903716,-122.035109,WA,yes,81,52,20
12095000,"SOUTH PRAIRIE CREEK AT SOUTH PRAIRIE, WA",Ref,WestMnts,205.8,17,47.139546,-122.092614,WA,yes,44,44,20
12114500,"CEDAR RIVER BELOW BEAR CREEK NEAR CEDAR FALLS, WA",Ref,WestMnts,66.6,17,47.342054,-121.548986,WA,yes,52,48,20
12115000,"CEDAR RIVER NEAR CEDAR FALLS, WA",Ref,WestMnts,102.8,17,47.370107,-121.625101,WA,yes,64,60,20
12115500,"REX RIVER NEAR CEDAR FALLS, WA",Ref,WestMnts,34.7,17,47.350662,-121.663158,WA,yes,64,60,20
12117000,"TAYLOR CREEK NEAR SELLECK, WA",Ref,WestMnts,44.9,17,47.386491,-121.846222,WA,yes,53,53,20
12141300,"MIDDLE FORK SNOQUALMIE RIVER NEAR TANNER, WA",Ref,WestMnts,401.5,17,47.485940,-121.647881,WA,yes,48,48,20
12143600,"SF SNOQUALMIE RIVER AT EDGEWICK, WA",Ref,WestMnts,165.0,17,47.452604,-121.717885,WA,yes,28,28,20
12144000,"SF SNOQUALMIE RIVER AT NORTH BEND, WA",Ref,WestMnts,210.1,17,47.492880,-121.790111,WA,yes,67,38,20
12145500,"RAGING RIVER NEAR FALL CITY, WA",Ref,WestMnts,79.0,17,47.539824,-121.909005,WA,yes,48,44,20
12147500,"NORTH FORK TOLT RIVER NEAR CARNATION, WA",Ref,WestMnts,102.9,17,47.712324,-121.788727,WA,yes,52,52,20
12147600,"SOUTH FORK TOLT RIVER NEAR INDEX, WA",Ref,WestMnts,14.1,17,47.706771,-121.600107,WA,yes,44,44,20
12167000,"NF STILLAGUAMISH RIVER NEAR ARLINGTON, WA",Ref,WestMnts,683.8,17,48.261492,-122.047641,WA,yes,81,60,20
12175500,"THUNDER CREEK NEAR NEWHALEM, WA",Ref,WestMnts,273.8,17,48.672629,-121.072896,WA,yes,79,60,20
12178100,"NEWHALEM CREEK NEAR NEWHALEM, WA",Ref,WestMnts,69.7,17,48.655959,-121.238456,WA,yes,48,48,20
12186000,"SAUK RIVER AB WHITECHUCK RIVER NEAR DARRINGTON, WA",Ref,WestMnts,398.4,17,48.168720,-121.470672,WA,yes,85,60,20
12189500,"SAUK RIVER NEAR SAUK, WA",Ref,WestMnts,1855.3,17,48.424559,-121.568463,WA,yes,81,60,20
12358500,Middle Fork Flathead River nr West Glacier MT,Ref,WestMnts,2939.2,17,48.495244,-114.010119,MT,yes,70,60,20
12374250,Mill Cr ab Bassoo Cr nr Niarada MT,Ref,WestMnts,50.8,17,47.829664,-114.697630,MT,yes,27,27,20
12375900,South Crow Creek near Ronan MT,Ref,WestMnts,19.7,17,47.491600,-114.026774,MT,yes,27,27,20
12377150,Mission Cr ab Reservoir nr ST Ignatius MT,Ref,WestMnts,32.2,17,47.322987,-113.979548,MT,yes,27,27,20
12381400,South Fork Jocko River near Arlee MT,Ref,WestMnts,150.9,17,47.195486,-113.850653,MT,yes,27,27,20
12383500,Big Knife Creek near Arlee MT,Ref,WestMnts,17.7,17,47.147428,-113.974272,MT,yes,27,27,20
12388400,Revais Cr bl West Fork nr Dixon MT,Ref,WestMnts,60.8,17,47.266317,-114.406786,MT,yes,27,27,20
12390700,Prospect Creek at Thompson Falls MT,Ref,WestMnts,470.2,17,47.586046,-115.355153,MT,yes,53,53,20
12411000,NF COEUR D ALENE R AB SHOSHONE CK NR PRICHARD ID,Ref,WestMnts,867.5,17,47.706111,-115.979167,ID,yes,59,59,20
12413000,NF COEUR D ALENE RIVER AT ENAVILLE ID,Ref,WestMnts,2325.2,17,47.568889,-116.253333,ID,yes,70,60,20
12414500,ST JOE RIVER AT CALDER ID,Ref,WestMnts,2679.0,17,47.274640,-116.189049,ID,yes,90,60,20
12447390,"ANDREWS CREEK NEAR MAZAMA, WA",Ref,WestMnts,58.1,17,48.822925,-120.145924,WA,yes,41,41,20
12451000,"STEHEKIN RIVER AT STEHEKIN, WA",Ref,WestMnts,830.6,17,48.329580,-120.691767,WA,yes,86,60,20
12488500,"AMERICAN RIVER NEAR NILE, WA",Ref,WestMnts,205.2,17,46.977616,-121.168696,WA,yes,70,60,20
13010065,SNAKE RIVER AB JACKSON LAKE AT FLAGG RANCH WY,Ref,WestMnts,1222.3,17,44.098889,-110.667500,WY,yes,26,26,20
13011500,PACIFIC CREEK AT MORAN WY,Ref,WestMnts,404.1,17,43.850278,-110.517778,WY,yes,62,57,20
13011900,BUFFALO FORK AB LAVA CREEK NR MORAN WY,Ref,WestMnts,851.8,17,43.838056,-110.441111,WY,yes,44,44,20
13018300,"CACHE CREEK NEAR JACKSON, WY",Ref,WestMnts,27.9,17,43.452153,-110.704091,WY,yes,47,47,20
13023000,GREYS RIVER AB RESERVOIR NR ALPINE WY,Ref,WestMnts,1161.9,17,43.142778,-110.976667,WY,yes,57,56,20
13083000,TRAPPER CREEK NR OAKLEY ID,Ref,WestXeric,133.2,17,42.165833,-113.983611,ID,yes,95,60,20
13161500,BRUNEAU RIVER AT ROWLAND NV,Ref,WestXeric,986.1,17,41.933237,-115.674527,NV,yes,48,43,20
13185000,BOISE RIVER NR TWIN SPRINGS ID,Ref,WestMnts,2154.4,17,43.659444,-115.727222,ID,yes,98,60,20
13235000,SF PAYETTE RIVER AT LOWMAN ID,Ref,WestMnts,1163.2,17,44.085278,-115.622222,ID,yes,68,60,20
13240000,LAKE FORK PAYETTE RIVER AB JUMBO CR NR MCCALL ID,Ref,WestMnts,125.6,17,44.913611,-115.997222,ID,yes,64,60,20
13310700,SF SALMON RIVER NR KRASSEL RANGER STATION ID,Ref,WestMnts,853.1,17,44.986944,-115.725000,ID,yes,37,37,20
13313000,JOHNSON CREEK AT YELLOW PINE ID,Ref,WestMnts,561.9,17,44.961667,-115.500000,ID,yes,81,60,20
13331500,"MINAM RIVER NEAR MINAM, OR",Ref,WestMnts,618.9,17,45.619867,-117.726589,OR,yes,45,44,20
13337000,LOCHSA RIVER NR LOWELL ID,Ref,WestMnts,3053.4,17,46.150833,-115.587222,ID,yes,82,60,20
13338500,SF CLEARWATER RIVER AT STITES ID,Ref,WestMnts,3027.0,17,46.086389,-115.976667,ID,yes,45,45,20
13340000,CLEARWATER RIVER AT OROFINO ID,Ref,WestMnts,14268.9,17,46.478333,-116.257500,ID,yes,53,45,20
13340600,NF CLEARWATER RIVER NR CANYON RANGER STATION ID,Ref,WestMnts,3354.6,17,46.840466,-115.620703,ID,yes,42,42,20
14020000,"UMATILLA RIVER ABOVE MEACHAM CREEK, NR GIBBON, OR",Ref,WestMnts,341.4,17,45.719577,-118.323291,OR,yes,76,60,20
14092750,"SHITIKE CR, AT PETERS PASTURE, NR WARM SPRINGS, OR",Ref,WestMnts,57.5,17,44.750395,-121.633397,OR,yes,27,27,20
14096850,"BEAVER CREEK, BLW QUARTZ CR, NR SIMNASHO, OR.",Ref,WestMnts,374.6,17,44.958727,-121.394229,OR,yes,26,26,20
14137000,"SANDY RIVER NEAR MARMOT, OR",Ref,WestMnts,674.2,17,45.399564,-122.137307,OR,yes,95,60,20
14138800,"BLAZED ALDER CREEK NEAR RHODODENDRON, OREG.",Ref,WestMnts,21.3,17,45.452618,-121.891468,OR,yes,46,46,20
14138870,"FIR CREEK NEAR BRIGHTWOOD, OR",Ref,WestMnts,14.0,17,45.480119,-122.025638,OR,yes,34,34,20
14138900,"NORTH FORK BULL RUN RIVER NEAR MULTNOMAH FALLS, OR",Ref,WestMnts,21.7,17,45.494286,-122.035917,OR,yes,44,44,20
14139800,"SOUTH FORK BULL RUN RIVER NEAR BULL RUN, OR",Ref,WestMnts,40.7,17,45.444564,-122.109529,OR,yes,35,35,20
14141500,"LITTLE SANDY RIVER NEAR BULL RUN, OREG.",Ref,WestMnts,59.9,17,45.415398,-122.171475,OR,yes,90,60,20
14154500,"ROW RIVER ABOVE PITCHER CREEK NEAR, DORENA, OREG",Ref,WestMnts,546.8,17,43.735957,-122.873402,OR,yes,74,60,20
14158500,"MCKENZIE RIVER AT OUTLET OF CLEAR LAKE, OR",Ref,WestMnts,237.1,17,44.360955,-121.995617,OR,yes,65,60,20
14158790,"SMITH R AB SMITH R RES NR BELKNAP SPRGS,OREG.",Ref,WestMnts,40.6,17,44.334567,-122.047007,OR,yes,49,49,20
14166500,"LONG TOM RIVER NEAR NOTI, OREG.",Ref,WestMnts,226.5,17,44.049845,-123.426210,OR,yes,74,60,20
14182500,"LITTLE NORTH SANTIAM RIVER NEAR MEHAMA, OR",Ref,WestMnts,286.8,17,44.791511,-122.578974,OR,yes,78,60,20
14185000,"SOUTH SANTIAM RIVER BELOW CASCADIA, OR",Ref,WestMnts,458.2,17,44.391792,-122.497582,OR,yes,74,60,20
14185900,"QUARTZVILLE CREEK NEAR CASCADIA, OREG.",Ref,WestMnts,258.2,17,44.540124,-122.435915,OR,yes,45,45,20
14187000,"WILEY CREEK NEAR FOSTER, OR",Ref,WestMnts,134.7,17,44.372348,-122.623138,OR,yes,46,44,20
14216500,"MUDDY CREEK BELOW CLEAR CREEK NEAR COUGAR, WA",Ref,WestMnts,349.5,17,46.075669,-121.998698,WA,yes,51,45,20
14222500,"EAST FORK LEWIS RIVER NEAR HEISSON, WA",Ref,WestMnts,323.9,17,45.836781,-122.466208,WA,yes,80,60,20
14236200,"TILTON RIVER AB BEAR CANYON CREEK NEAR CINEBAR, WA",Ref,WestMnts,361.0,17,46.595384,-122.459556,WA,yes,53,53,20
14301000,"NEHALEM RIVER NEAR FOSS, OR",Ref,WestMnts,1743.5,17,45.703999,-123.755405,OR,yes,70,60,20
14303200,"TUCCA CREEK NEAR BLAINE, OR.",Ref,WestMnts,8.1,17,45.324276,-123.546501,OR,yes,26,26,20
14305500,"SILETZ RIVER AT SILETZ, OR",Ref,WestMnts,526.3,17,44.715117,-123.887335,OR,yes,88,60,20
14306340,"EAST FORK LOBSTER CREEK NEAR ALSEA, OR.",Ref,WestMnts,14.7,17,44.247899,-123.636494,OR,yes,26,26,20
14306500,"ALSEA RIVER NEAR TIDEWATER, OR",Ref,WestMnts,857.2,17,44.385954,-123.831778,OR,yes,70,60,20
14308990,"COW CREEK ABV GALESVILLE RES, NR AZALEA, OR.",Ref,WestMnts,167.8,17,42.823177,-123.125892,OR,yes,24,24,20
14309500,"WEST FORK COW CREEK NEAR GLENDALE, OR",Ref,WestMnts,224.9,17,42.804004,-123.610907,OR,yes,54,54,20
14316700,"STEAMBOAT CREEK NEAR GLIDE, OR",Ref,WestMnts,587.9,17,43.349842,-122.728942,OR,yes,53,53,20
14325000,"SOUTH FORK COQUILLE RIVER AT POWERS, OR",Ref,WestMnts,443.1,17,42.891499,-124.070652,OR,yes,89,60,20
14362250,"STAR GULCH NEAR RUCH, OR.",Ref,WestMnts,41.4,17,42.154014,-123.075323,OR,yes,26,26,20
14400000,"CHETCO RIVER NEAR BROOKINGS, OR",Ref,WestMnts,702.6,17,42.123443,-124.187311,OR,yes,40,40,20
15072000,FISH C NR KETCHIKAN AK,Ref,Alaska,91.2,19,55.391604,-131.195583,AK,yes,91,60,20
15085100,OLD TOM C NR KASAAN AK,Ref,Alaska,15.3,19,55.395194,-132.408627,AK,yes,60,60,20
15129500,SITUK R NR YAKUTAT AK,Ref,Alaska,93.1,19,59.586366,-139.494188,AK,yes,21,21,20
15239050,MF BRADLEY R NR HOMER AK,Ref,Alaska,23.7,19,59.777746,-150.756295,AK,yes,30,30,20
15266300,KENAI R AT SOLDOTNA AK,Ref,Alaska,5192.1,19,60.476929,-151.081668,AK,yes,44,44,20
15290000,L SUSITNA R NR PALMER AK,Ref,Alaska,162.2,19,61.709743,-149.231938,AK,yes,61,60,20
15292700,TALKEETNA R NR TALKEETNA AK,Ref,Alaska,5219.0,19,62.346439,-150.019201,AK,yes,45,45,20
15478040,PHELAN C NR PAXSON AK,Ref,Alaska,29.9,19,63.240422,-145.469735,AK,yes,32,32,20
15484000,SALCHA R NR SALCHAKET AK,Ref,Alaska,5737.3,19,64.472359,-146.926265,AK,yes,61,60,20
15493000,CHENA R NR TWO RIVERS AK,Ref,Alaska,2419.0,19,64.902374,-146.359366,AK,yes,42,42,20
15511000,L CHENA R NR FAIRBANKS AK,Ref,Alaska,886.7,19,64.885690,-147.249648,AK,yes,43,43,20
15896000,KUPARUK R NR DEADHORSE AK,Ref,Alaska,8654.5,19,70.281385,-148.962786,AK,yes,38,38,20
15908000,SAGAVANIRKTOK R NR PUMP STA 3 AK,Ref,Alaska,4821.9,19,69.014648,-148.820034,AK,yes,27,27,20
16010000,"Kawaikoi Stream nr Waimea, Kauai, HI",Ref,Hawaii,9.90,20,22.132675,-159.619980,HI,yes,92,60,20
16019000,"Waialae Str at alt 3,820 ft nr Waimea, Kauai, HI",Ref,Hawaii,5.42,20,22.085737,-159.568869,HI,yes,68,57,20
16068000,"EB of NF Wailua River nr Lihue, Kauai, HI",Ref,Hawaii,16.18,20,22.068767,-159.415258,HI,yes,94,60,20
16071500,"Left Branch Opaekaa Str nr Kapaa, Kauai, HI",Ref,Hawaii,1.94,20,22.075700,-159.395813,HI,yes,49,49,20
16097500,"Halaulani Str at alt 400 ft nr Kilauea, Kauai, HI",Ref,Hawaii,3.12,20,22.178382,-159.418590,HI,yes,51,51,20
16108000,"Wainiha River nr Hanalei, Kauai, HI",Ref,Hawaii,27.07,20,22.135708,-159.557757,HI,yes,54,54,20
16200000,"NF Kaukonahua Str abv RB, nr Wahiawa, Oahu, HI",Ref,Hawaii,3.56,20,21.516278,-157.945306,HI,yes,86,52,20
16229000,"Kalihi Str nr Honolulu, Oahu, HI",Ref,Hawaii,6.64,20,21.363499,-157.844200,HI,yes,95,60,20
16345000,"Opaeula Str nr Wahiawa, Oahu, HI",Ref,Hawaii,7.79,20,21.562333,-158.000250,HI,yes,50,50,20
16400000,"Halawa Stream near Halawa, Molokai, HI",Ref,Hawaii,12.12,20,21.155500,-156.761972,HI,yes,84,60,20
16508000,"Hanawi Stream near Nahiku, Maui, HI",Ref,Hawaii,9.27,20,20.806861,-156.114222,HI,yes,87,60,20
16518000,"West Wailuaiki Stream near Keanae, Maui, HI",Ref,Hawaii,9.41,20,20.817694,-156.141028,HI,yes,89,60,20
16587000,"Honopou Stream near Huelo, Maui, HI",Ref,Hawaii,1.52,20,20.885679,-156.252743,HI,yes,98,60,20
16717000,HONOLII STREAM NR PAPAIKOU,Ref,Hawaii,31.09,20,19.763625,-155.151675,HI,yes,43,42,20
16720000,"Kawainui Stream nr Kamuela, HI",Ref,Hawaii,3.97,20,20.085333,-155.681167,HI,yes,45,45,20
50025155,"RIO SALIENTE AT COABEY NR JAYUYA, PR",Ref,PuertoRico,24.0,21,18.211345,-66.563228,PR,yes,20,20,20
50034000,"RIO BAUTA NR OROCOVIS, PR",Ref,PuertoRico,43.4,21,18.234122,-66.454616,PR,yes,33,33,20
50050900,"RIO GRANDE DE LOIZA AT QUEBRADA ARENAS, PR",Ref,PuertoRico,15.6,21,18.117461,-65.989053,PR,yes,32,32,20
50063440,"QUEBRADA SONADORA NR EL VERDE, PR",Ref,PuertoRico,2.6,21,18.321341,-65.817108,PR,yes,26,26,20
50063800,"RIO ESPIRITU SANTO NR RIO GRANDE, PR",Ref,PuertoRico,22.4,21,18.358284,-65.813219,PR,yes,43,43,20
50065500,"RIO MAMEYES NR SABANA, PR",Ref,PuertoRico,17.6,21,18.327453,-65.750718,PR,yes,32,32,20
50092000,"RIO GRANDE DE PATILLAS NR PATILLAS, PR",Ref,PuertoRico,47.6,21,18.032464,-66.032387,PR,yes,22,22,20
50100450,"RIO MAJADA AT LA PLENA, PR",Ref,PuertoRico,42.5,21,18.042463,-66.207112,PR,yes,21,21,20
50108000,"RIO DESCALABRADO NR LOS LLANOS, PR",Ref,PuertoRico,33.3,21,18.050241,-66.425726,PR,yes,27,27,20
50110900,"RIO TOA VACA ABV LAGO TOA VACA, PR",Ref,PuertoRico,36.9,21,18.124960,-66.456283,PR,yes,20,20,20
50113800,"RIO CERRILLOS ABV LAGO CERRILLOS NR PONCE, PR",Ref,PuertoRico,30.7,21,18.114961,-66.604340,PR,yes,20,20,20
208111310,"CASHIE RIVER AT SR1257 NEAR WINDSOR, NC",Ref,SECstPlain,288.5,3,36.047778,-76.984167,NC,yes,22,22,20
02096846,"CANE CREEK NEAR ORANGE GROVE, NC",Ref,SEPlains,19.6,03,35.987222,-79.206111,NC,yes,20,20,20
02427250,"PINE BARREN CREEK NEAR SNOW HILL, AL.",Ref,SEPlains,675.2,03,31.996258,-87.068319,AL,yes,20,20,20
03338780,"NORTH FORK VERMILION RIVER NEAR BISMARCK, IL",Ref,CntlPlains,691.6,05,40.265314,-87.642799,IL,yes,21,21,20
0344894205,"NORTH FORK SWANNANOA RIVER NEAR WALKERTOWN, NC",Ref,EastHghlnds,38.6,06,35.683333,-82.333056,NC,yes,20,20,20
03597590,"WARTRACE CREEK BELOW COUNTY ROAD AT WARTRACE, TN",Ref,SEPlains,92.9,06,35.527295,-86.340271,TN,yes,20,20,20
05592575,"HICKORY CREEK NEAR BROWNSTOWN, IL",Ref,SEPlains,115.3,07,38.936990,-88.952838,IL,yes,21,21,20
06440200,"SOUTH FORK BAD R NEAR COTTONWOOD,SD",Ref,WestPlains,649.2,10U,43.968879,-101.767090,SD,yes,21,21,20
06623800,"ENCAMPMENT RIVER AB HOG PARK CR, NR ENCAMPMENT, WY",Ref,WestMnts,187.7,10L,41.023579,-106.824766,WY,yes,45,45,20
07263295,"Maumelle River at Williams Junction, AR",Ref,EastHghlnds,119.0,11,34.876201,-92.774612,AR,yes,20,20,20
07362587,"Alum Fork Saline River near Reform, AR",Ref,EastHghlnds,69.8,08,34.797591,-92.933507,AR,yes,20,20,20
09423350,CARUTHERS C NR IVANPAH CA,Ref,WestXeric,2.2,15,35.244989,-115.298876,CA,yes,45,45,20
10205030,"SALINA CREEK NEAR EMERY, UT",Ref,WestMnts,134.6,16,38.911914,-111.530465,UT,yes,46,46,20
